totalItems,note_0,Adresas,Įmonės kodas,PVM kodas,Telefonas,El. paštas,note_1,link,note_6
274763,"UAB ""Deviro""","Šimonių g. 8, Ustukių k.",302798450,LT100007172711,+37066695559,autodalys@deviro.lt,Darbo laikas,https://rrr.lt/deviro,
219195,Uždaroji akcinė bendrovė Valvira,"Molėtų g. 84, Utena",184207326,LT842073219,+37069846945,valdas.sveic@gmail.com,Darbo laikas,https://rrr.lt/valvira,
183059,"UAB ""Arauta""","Sodo g. 20, Naciunų k. Biržų raj",300631068,LT100005836012,+37067555635,uabarauta@gmail.com,Darbo laikas,https://rrr.lt/arauta,
120736,"UAB ""Automotodalys""","Virbališkių g. 194 Padainupio km., Kauno r. sav.",304098646,LT100010439118,+37060501890,uab.automotodalys@gmail.com,Darbo laikas,https://rrr.lt/automotodalys,
117120,"Jurturas, UAB","Grikštaičių g. 5 Grikštaičių km., Klaipėdos r.",300069533,LT100001863916,+37061210120,info@jurturas.lt,Darbo laikas,https://rrr.lt/jurturas,
112832,"Autoarka, UAB","Sedos g. 30A, Telšiai",300509096,LT100002030510,+37062104264,sales.autoarka@gmail.com,Darbo laikas,https://rrr.lt/autoarka,
104586,Tadas Raižys,"Raudondvario pl. 101H, Kaunas",1383711,,+37063006199,info@partsdna.com,Darbo laikas,https://rrr.lt/germanypartsonline,
99581,"Franccar, UAB","Mūšos g. 22 G, Pasvalys",303017207,LT100012222910,+37062388618,uabfranccar@gmail.com,Darbo laikas,https://rrr.lt/franccar,
98708,"MB ""Veiverių autodalys""","Belevičių g. 59 Tarpiškių km., Prienų raj. Tarpiškių km.",304839903,LT100011659213,+37063950090,Veiveriuautodalys@gmail.com,Darbo laikas,https://rrr.lt/veiveriu,
94668,"Daviva, UAB","R. Kalantos g. 49, Kauno m. sav.",302600185,LT100007470613,+37065579059,kaunas@daviva.lt,Darbo laikas,https://rrr.lt/daviva,
89234,"Merstoja, UAB","Pramonės g. 7, Telšiai",302664832,LT100006626411,+37065047760,sales@autopublic.org,Darbo laikas,https://rrr.lt/merstoja,
86780,Uždaroji akcinė bendrovė RAMIDONAS,"Pramonės g. 4, Šveicarijos k, Jonavos r.",157033476,LT570334716,+37060302823,ramidonas1@gmail.com,Darbo laikas,https://rrr.lt/ramidonas,
81633,UAB DeVido,"Senojo Kaimo g. 9, Šiaudiniai",302647943,LT100014595815,+37061637822,service.devido@gmail.com,Darbo laikas,https://rrr.lt/laimonas,
77688,"ROTOKSEMA, UAB","Klojimo g. 10, Eigirgalos km.,, Kauno r. sav.",235972480,LT100001045019,+37064166677,export.rotoksema@gmail.com,Darbo laikas,https://rrr.lt/rotoksema,
75099,MB RATUOTAS,"Šlamų k., Pasvalio r.",302997541,LT100007873613,+37062024539,mbratuotas@gmail.com,Darbo laikas,https://rrr.lt/ratuotas,
66010,"UAB ""Ustukas""","Ustukių g. 36, Pasvalio r. sav.",304119688,LT100009770613,+37062628579,info@ustukas.lt,Darbo laikas,https://rrr.lt/ustukas,
65745,"Saumina, MB","Sodų g. 3, Šakiai",305166541,LT100012733211,+37069664217,mbsaumina@gmail.com,Darbo laikas,https://rrr.lt/saumina,
61236,"Linarda, UAB","Lauko g. 17, Trakiškiai, Marijampolė",302664743,LT100007654111,+37068188968,linarda331@gmail.com,Darbo laikas,https://rrr.lt/linarda,
60208,Automagnatas UAB,"Žagarėlės g. 7, Mažeikiai",167236090,LT100006667511,+37067886852,automagnatas@gmail.com,Darbo laikas,https://rrr.lt/mazeikiaiautomagnatas,
59990,"Erneta, UAB","Keravos g. 8B, Kerava",303328489,LT100009203817,+37061450514,ernetaex@gmail.com,Darbo laikas,https://rrr.lt/erneta,
58183,"Interno grupė, UAB","Žirgyno g. 5, 59285, Tarpiškės",304478488,LT100010884312,+37063668857,darius.lazutka@gmail.com,,https://rrr.lt/internogrupe,Darbo laikas
55386,"Boso dalys, UAB","Sereikių 17, Sereikiai",304996096,LT100012138719,+37061699913,Bosodalys1@gmail.com,,https://rrr.lt/bosodalys,Darbo laikas
54287,"Autodova, UAB","Bičiulių g. 15, Budrikiai, Klaipėdos r. sav.",152590254,LT525902515,+37067029323,info@autodova.lt,Darbo laikas,https://rrr.lt/autodova,
53813,"Pabaltijo automobilių prekyba, UAB","Švenčionių g. 2c, Kaunas",300044291,LT100001158219,+37067367679,mindaugas@pap.lt,Darbo laikas,https://rrr.lt/partan,
53296,L.Smilingienės I.Į.,"Medelyno g. 46,, Klaipėdos m. sav.",141316978,LT413169716,+37069835013,algiss13@inbox.lt,Darbo laikas,https://rrr.lt/smilingiene,
51708,Laimono Grybausko IV,"Stoties g. 28, Utena",194860,LT100012470913,+37060360402,volvodalysutena@gmail.com,Darbo laikas,https://rrr.lt/laimonoiv,
51580,"UAB ""Jumita""","V. Krėvės pr. 129H, Kaunas",134494667,LT344946610,+37068933440,jumitalt@gmail.com,Darbo laikas,https://rrr.lt/jumita,
51440,"UAB ""DnD autolaužynas""","Paberžių k. 9a, Pasvalio r. sav.",302964502,LT100008796914,+37060408492,d.rutkauskas83@gmail.com,Darbo laikas,https://rrr.lt/dnd,
50740,"Transadria, UAB","Cirulių g. 7, Kvietiniai , Klaipėdos r. sav.",302430174,LT100004889512,+37063927569,autodalys@transadria.lt,Darbo laikas,https://rrr.lt/transadria,
49345,"Gedvauta, UAB","Minsko plentas 33A - 8 Angaras, Vilnius",125922097,LT259220917,+37068789759,info@gedvauta.lt,Darbo laikas,https://rrr.lt/gedvauta,
48785,"Želsvelė, UAB","Klojimo g. 3, Eigirgalos, Kauno r",303170548,LT100008109410,+37066022220,info@kurdalys.lt,Darbo laikas,https://rrr.lt/kurdalys,
48639,"Autoprioritetas, Į.I","Verslininkų g. 25, Taurai",303249102,LT100008787219,+37061263713,info@autoprioritetas.lt,Darbo laikas,https://rrr.lt/autoezeruona,
48415,"Autofoma, UAB","Vingio g. 2L, Marijampolė",251126070,LT100001696314,+37068545577,autodalys.tomas@gmail.com,Darbo laikas,https://rrr.lt/autofoma,
48149,"IRON MVB, UAB","Parko g. 1, Jasonys, Utenos r.",302693093,LT100006567513,+37068487719,ironmvb@gmail.com,Darbo laikas,https://rrr.lt/partcar,
47766,"DTJ dalys, UAB","Vilniaus g 35, Šiaulių kaimas",306003682,LT100015773913,+37067442017,dtjdalys@gmail.com,Darbo laikas,https://rrr.lt/juldara,
47531,"Nabekas, UAB","Žemaitės g. 143A, Šiauliai",302734355,LT100011890312,+37061796923,nabekas@gmail.com,Darbo laikas,https://rrr.lt/nabekas,
46040,"Angaris, IĮ","Sedos g. 30, Telšiai",304975472,LT100015311817,+37069999687,angaris.auto@gmail.com,Darbo laikas,https://rrr.lt/angaris,
45452,"Individuali įmonė ""DEMONTAS""","Medenių k., Utenos r., Tujų g. 7",183861337,LT838613314,+37068648431,info@demontas.lt,Darbo laikas,https://rrr.lt/demontas,
45143,UAB Ragraunda,"Melioratorių g. 3, Padubysio k., Pakruojo r.",300918634,LT100006900518,+37068218888,ragraunda@gmail.com,Darbo laikas,https://rrr.lt/ragraunda,
45125,"UAB ""Detora""","Verslininkų g. 14, Barklainiai I km, Panevezio r. sav.",148243098,LT482430917,+37068747745,uabdetora@gmail.com,Darbo laikas,https://rrr.lt/detora,
42161,"Valvira, UAB","Stoties 28C, Utena",184207326,LT842073219,+37065010307,gerdasbertasius@gmail.com,Darbo laikas,https://rrr.lt/valvira2,
41549,"Dalių angaras, UAB","Siauruko g. 18, Šilutės r. Kuliešų km.",305609570,LT100013881718,+37068159415,edbaltva@gmail.com,Darbo laikas,https://rrr.lt/baltva,
41307,UAB FOBEKA,"Eišiškių pl. 76, Vilnius",223785170,LT237851716,+37061540390,fobeka@gmail.com,Darbo laikas,https://rrr.lt/fobeka,
40783,"Autosėkmė, UAB","Prašiškių g. 53, 7 angaras, Vilnius",301675886,LT100006310910,+37065984003,autosekme0008@gmail.com,Darbo laikas,https://rrr.lt/autosekme,
40612,"Ego motor, UAB","Seniūnų k. 1, Seniūnai",302503583,LT100005960415,+37061717182,rrr@egomotor.lt,Darbo laikas,https://rrr.lt/egomotor,
40417,UAB Kairių dalys,"Pramonės g. 5, 80114, Kairiai",306321724,LT100017034010,+37064122225,kairiudalys@inbox.lt,Darbo laikas,https://rrr.lt/kairiudalys,
39173,Edmundas Jankauskas,"Ežero g. 18, Karčemos",35902020532,LT100007775411,+37068674408,autodalys.radv@gmail.com,Darbo laikas,https://rrr.lt/jankauskas,
38321,"Mdalys, MB","Žirgų g. 4, Jotaučių kaimas",307005070,LT100018069019,+37064872820,marius.mineikis@gmail.com,Darbo laikas,https://rrr.lt/mparts,
37769,MB PROdalys,"Smalininkai, Darželio g. 6",306897606,LT100017357917,+37063051091,evaldoautodalys@gmail.com,Darbo laikas,https://rrr.lt/zvaginis,
37651,UAB Autoriko,"Vasario 16-sios g. 34, Garliava, Kauno r. sav.",142106566,LT421065610,+37067634698,autoriko@gmail.com,Darbo laikas,https://rrr.lt/riko,
37571,"Mj - auto, UAB","Elektronikos g. 24, Panevėžys",303055535,LT100007711617,+37067189892,mjauto87@gmail.com,Darbo laikas,https://rrr.lt/mjauto,
36790,"Pumex, UAB","Bijūnų g. 10, Stanaičių km. Kauno raj.",304786379,LT100012125717,+37067773722,pumexparts@gmail.com,Darbo laikas,https://rrr.lt/pumex,
36511,MB GRISKUS auto,"P. Motiekaičio g. 16, Šiauliai",305939205,LT100017633414,+37067875981,karolis.griskus@gmail.com,Darbo laikas,https://rrr.lt/griskus,
35249,"UAB ""Sigvida""","V. Čkalovo g. 33B, Šiauliai",303176832,LT100008153014,+37063130000,gvidas.lyoness@gmail.com,Darbo laikas,https://rrr.lt/sigvida,
35022,Edgaras Zybartas IV,"Aneliškė 11, 72354, Tauragės r., Aneliškės k.",1184176,LT100016176017,+37060769173,auttodalys@gmail.com,Darbo laikas,https://rrr.lt/tauvyga,
34977,"Evabana, UAB","Dubysos g. 49, Gruzdiškė Raseinių raj.",304200706,LT100010045613,+37064177222,uabevabana@gmail.com,Darbo laikas,https://rrr.lt/evabana,
34423,"Rainių autodalys, UAB","Telšių g. 2E, Rainių k.",180716030,LT807160314,+37062069468,vaidas.klimas1978@gmail.com,Darbo laikas,https://rrr.lt/rainiuautodalys,
34179,"UAB ""Remanda""","Lembudžių kaimas 5, Šakiai",300102944,LT100005372219,‎+37067487627,uab.remanda@gmail.com,Darbo laikas,https://rrr.lt/remanda,
33883,MB Memel motors,"Sandeliu g. 24-7 95107, Klaipeda",307060138,LT100017604017,+37064513137,helpmemelmotors@gmail.com,Darbo laikas,https://rrr.lt/vitkevicius,
33659,"Nodelta, UAB","Dvaro g. 10, 59326, Ašminta",302671086,LT100007155419,+37060155733,nodelta03@gmail.com,Darbo laikas,https://rrr.lt/nodelta,
32477,"V. Jokūbausko, IĮ","Gaurės g. 2M, Tauragė",179858698,LT798586917,+37068729258,virgiodalystaurage@gmail.com,Darbo laikas,https://rrr.lt/virgiodalys,
32275,"Mantliuta, UAB","Svirno g. 4, Vilnius",302462058,LT100006287014,+37061566255,mantliutarrr@gmail.com,Darbo laikas,https://rrr.lt/mantliuta,
32199,"Autodinama, UAB","Mikolaičiūnų k. 3, , Joniškio r. sav.",302629621,LT100010142615,+37063539999,autodinama@gmail.com,Darbo laikas,https://rrr.lt/autodinama,
32036,T.Krunkaičio individuali įmonė,"Sodų g. 5C, Šakiai",300597178,LT100002674813,+37069921921,sakiuautodalys@gmail.com,Darbo laikas,https://rrr.lt/sakiuautodalys,
31882,"Lairama, UAB","Kupiškio g. 36, Vyžuonėlių km., Utena",184204892,LT842048917,+37065035124,info@brcutena.lt,Darbo laikas,https://rrr.lt/brc,
31621,"Best parts, MB","Sūduvos g. 74, 69479, Sasnava",306210229,LT100016571011,+37065386190,nesrotaslt@gmail.com,Darbo laikas,https://rrr.lt/bestparts,
31489,"Autoardymas, UAB","Minsko pl. 33A-2A, Vilnius",302602033,LT100011866511,+37068611110,Info@autoardymas.lt,Darbo laikas,https://rrr.lt/autoardymas,
31413,"Autodiras, UAB","Alyvų g 41a 37467, Panevežys",304136940,LT100009795716,+37066852242,uabautodiras@gmail.com,Darbo laikas,https://rrr.lt/autodiras,
31081,Rolando Karaliaus Individuali įmonė,"M. Veriovkinos g. 7, Vyžuonėlės",183811658,LT100002200612,+37068664761,vyzuoneliudalys@gmail.com,Darbo laikas,https://rrr.lt/rkaraliaus,
30993,"Autoexpert, UAB","Miškininkų g. 4, Rokiškis",173181894,LT731818917,+37063329964,autoexpertrrr@gmail.com,Darbo laikas,https://rrr.lt/autoexpert,
30979,"Moodauto, MB","Dubysos g. 31C, 60105, Gruzdiškės km",306299270,LT100015893611,+37064644607,moodauto1@gmail.com,Darbo laikas,https://rrr.lt/bartkevicius,
30873,"Linas Martišius, IV","Liepų g. 85a, Klaipėda",673516,LT100016621011,+37068334323,Linasmartisius@gmail.com,Darbo laikas,https://rrr.lt/linoauto,
30272,"Bazas, UAB","Pievų g. 6, Alytus",304744106,LT100014586614,+37063888851,info@bazas.lt,Darbo laikas,https://rrr.lt/bazas,
30106,"Domauto, MB","Melioratorių g. 16A, 72109, Tauragė",306577104,LT100016939013,+37065066878,modestasgestautas@yahoo.com,Darbo laikas,https://rrr.lt/domauta,
30009,"Rimelana, UAB","V. A. Graičiūno g. 6, Vilnius",125372988,LT253729811,+37060893191,rimelana595@gmail.com,Darbo laikas,https://rrr.lt/rimelana,
29597,Dovydas Kasmauskas,"Beržų g. 12, Byčių k.",1186297,LT100017850114,+37060606115,masinos1996@gmail.com,Darbo laikas,https://rrr.lt/rkdalys,
29435,"Donvalda, MB","Raseinių g. 66, 86188, Kelmė",304037814,LT100009443314,+37069444999,pagalba@donvalda.lt,Darbo laikas,https://rrr.lt/donvalda,
28765,"Geros dalys, UAB","Skrebinų g. 9, Batėgala, 55343 Jonavos r. sav., Batėgala",305638846,LT100013883714,+37067104124,mbbmwauto@gmail.com,Darbo laikas,https://rrr.lt/gerosdalys,
28760,"Liumanta, UAB","Svirno g. 4D, Vilnius",300712335,LT100006250610,+37061400445,liutaurasbulka@gmail.com,Darbo laikas,https://rrr.lt/liumanta,
28312,"Robindalis, MB","Pievų 6a, Kutiškiai, Kutiškiai",305650535,LT100014349415,+37067608585,robindalis69@gmail.com,Darbo laikas,https://rrr.lt/robindalis,
28247,"Mantas Gabšys, IV","Papilės g. 16, 81105, Romučiai, Šiaulių r.",865902,LT100018359414,+37067920655,mantasgabsyysss@gmail.com,Darbo laikas,https://rrr.lt/mantodalys,
27552,"Alinos autodalys, UAB","Girininkų g. 14, Juragių km. Kauno raj.",304435017,LT100011049510,+37067084422,alinosautodalys@gmail.com,,https://rrr.lt/alinosautodalys,Darbo laikas
27320,"Gintaras Slanys, IV","Laukų g. 11, 97335, Kūlupėnai",846614,LT100017883918,+37068231220,shrotas01@gmail.com,Darbo laikas,https://rrr.lt/slanys,
27167,MB PartAuto,"Kalvų g. 13, Narkūnai Utenos raj.",306118364,LT100015505215,+37060053537,partauto.net@gmail.com,Darbo laikas,https://rrr.lt/plotnikovas,
27014,"Dalys LT, UAB","Elektrėnų g. 8A, Kaunas",304405853,LT100010439816,+37066371222,tadasparts@gmail.com,Darbo laikas,https://rrr.lt/dalyslt,
26353,"UAB, Ovoko","Vilties g. 11, 13279, Kuprioniškės, Vilniaus r.",304401253,LT100010771516,+37068969297,lab@ovoko.com,Darbo laikas,https://rrr.lt/lab,
26149,"Kesandra Group, UAB","Gedminų g. 11, Baičių k. Klaipėdos r.",302713254,LT100007435211,+37067047501,jjovitti@yahoo.com,Darbo laikas,https://rrr.lt/kesandragroup,
25569,"Autoloma, UAB","Verslų g. 4, 68461, Mokolai, Marijampolės sav.",303445421,LT100010163517,+37069063365,Autonartas@gmail.com,Darbo laikas,https://rrr.lt/autonartas,
25529,"Autodalita, UAB","Baltarusių g. 9, 13262, Nemėžis",301538097,LT100003811510,+37060783563,bmwdalys@mpowerparts.com,Darbo laikas,https://rrr.lt/autodalita,
25472,Virginijaus Bičkaus Individuali įmonė,"Statybininkų g. 9D, Vievis",123462885,LT100014521216,+37060604000,dzipu.dalys@gmail.com,Darbo laikas,https://rrr.lt/auto4x4,
25434,"Autoaira, MB","Dariaus ir Girėno g. 121, Vilnius",305623424,LT100013635510,+37069385002,info@autoaira.lt,Darbo laikas,https://rrr.lt/autoaira,
25256,"MB ""Timuroauto""","Mateikiai 3, Kelmės r., Mateikių km",306082690,LT100015460115,+37068258569,timuroauto@gmail.com,Darbo laikas,https://rrr.lt/lukonas,
24996,"GR Baltic, MB","Vairuotojų g. 6B, 59276, Skriaudžiai",306343254,LT100016539212,+37063322899,valaiciukas20@gmail.com,Darbo laikas,https://rrr.lt/grbaltic,
24840,"UAB ""Agvilitas""","Čepurniškių g. 31, Vilniaus raj.",303109755,LT100007956418,+37067396220,uabagvilitas@gmail.com,Darbo laikas,https://rrr.lt/agvilitas,
23954,"Treila, UAB","Aerouosto g. 11, 77103, Šiauliai",145597298,LT455972917,+37068542455,treila@inbox.lt,Darbo laikas,https://rrr.lt/treila,
23808,UAB Detaparts,"Stiklo g. 10, Dievogala, Kauno r.",306250978,LT100015886316,+37062222183,detaparts@gmail.com,Darbo laikas,https://rrr.lt/girama,
23468,"UAB ""Autolinta""","Audėjų g. 5A, Alytus, Alytus",304090133,LT100009647713,+37067367476,autolinta@gmail.com,,https://rrr.lt/autolinta,Darbo laikas
23250,UAB Autodeva,"Balsku g. 31, Taurų k",179744634,LT100004703912,+37069018737,duncis2@gmail.com,Darbo laikas,https://rrr.lt/autodeva,
23239,"Baltijos prekyba, UAB","Vaduvos g. 2a, Vilnius",300543351,LT100002260919,+37068796211,info@saabvolvo.lt,Darbo laikas,https://rrr.lt/baltijosprekyba,
23165,"Dalių ekspertai, MB","Pramonės g. 7, 53285, Stanaičiai, Kauno raj.",306639310,LT100016770016,+37062536863,daliuekspertai@gmail.com,Darbo laikas,https://rrr.lt/daliuekspertai,
23143,"All Bids, MB","A. Juozapavičiaus pr. 19B, 45252, Kaunas",305707769,LT100016986812,+37064688892,ALLBIDS.LT@GMAIL.COM,Darbo laikas,https://rrr.lt/allbids,
23106,UAB Autofuroras,"Prašiškių g. 53, 7 Korpusas, Vilnius",300007204,LT100001468810,+37065984888,dalys@autofuroras.lt,Darbo laikas,https://rrr.lt/autozap,
22791,"Antorsa, UAB","Pročiūnų g. 1, 77103 Šiaulių m. sav., Šiauliai",305213293,LT100012956415,+37065554213,antorsaa3@gmail.com,Darbo laikas,https://rrr.lt/antorsa,
22776,Robertas Dobrovolskis,"Gedimino g. 30A, 70421, Kybartai",386014,LT100012108919,+37065028930,smikailionyte@gmail.com,Darbo laikas,https://rrr.lt/rdobrovolskis,
22639,UAB Vidresta,"J. Totoraičio g. 71, 46142, Kaunas",164684619,LT646846113,+37069810003,mindizk@gmail.com,Darbo laikas,https://rrr.lt/vidresta,
22604,MB Carstara,"Svirno g. 12, Eigirgala",306091668,LT100015040418,+37064684353,autoturtai@yahoo.com,Darbo laikas,https://rrr.lt/autoturtai,
22509,MB METALORA,"Vaineikių g. 34E, 97264, Darbėnai",306690283,LT100017673615,+37060956621,mbmetalora@gmail.com,Darbo laikas,https://rrr.lt/ruikis,
22382,UAB LT USA IMPORT,"A. Juozapavičiaus pr. 19B, 45252 , Kaunas",306160420,LT100015541710,+37061488882,ltusaimport@gmail.com,Darbo laikas,https://rrr.lt/import,
21817,"Automobiliukas, UAB","Sodybų g. 3C, 13277, Vilnius",303308974,LT100009531216,+37061491111,automobiliukas.rrr@gmail.com,Darbo laikas,https://rrr.lt/automobiliukas,
21811,"Kimlita, UAB","V. Bielskio g. 12A, Šiauliai 76162, Šiauliai",145507557,LT455075515,+37068526319,prekybakimlita@gmail.com,Darbo laikas,https://rrr.lt/kimlita,
21639,UAB Valdovis,"Sartu g. 15, Vilnius",302738720,LT100007068818,+37064477577,valdovis11@gmail.com,Darbo laikas,https://rrr.lt/valdovis,
21455,"Vialita, UAB","Partizanų g. 87a, Kaunas",134568669,LT345686610,+37064294800,autorecycling@autolauzynas.lt,,https://rrr.lt/vialita,Darbo laikas
21366,"UAB ""Minmara""","Moniūnų k. 4, Pakruojo r. sav",303168305,LT100008092210,+37064565894,uabminmara@gmail.com,Darbo laikas,https://rrr.lt/minmara,
21220,"JL transportas, UAB","Žardupės g. 18, 95364, Klaipėda",300823481,LT100007370314,+37066426526,jlautodalys@gmail.com,Darbo laikas,https://rrr.lt/jltransportas,
21184,"Sigitas Pilka, IV","Bliūdžių g. 21, Bliūdžiai",41273,LT100016104817,+37067025484,autodetalyna.rrr@gmail.com,Darbo laikas,https://rrr.lt/autodetalyna,
21184,Eitvilas Kalanta,"Jaunystės g. 34, Vilnius",1091322,,+37068446199,viktoras.rudenk@gmail.com,Darbo laikas,https://rrr.lt/bruklis,
21183,"Autovienetas, UAB","Svirno g. 9, 54345, Kauno r., Voškoniai",304282023,LT100013742519,+37060197270,info@autovienetas.lt,Darbo laikas,https://rrr.lt/vienetas,
21088,"Autosaulida, UAB","Basanavičiaus g. 46, Biržai",305349973,LT100014015916,+37069928835,autosaulida@gmail.com,Darbo laikas,https://rrr.lt/civas,
20980,"Autozakaras, UAB","Artojo g. 6, Klaipėda",304554007,LT100011725718,+37061558651,swedautorinka@gmail.com,Darbo laikas,https://rrr.lt/autozakaras,
20346,MB „Bariūnų dalys”,"Ramonų pl. 5, Bariūnai",306676807,LT100016991112,+37062222999,bariunudalys@gmail.com,Darbo laikas,https://rrr.lt/vilimas,
20130,"Roliuda, UAB","Melioratorių g. 2A, Pelėdnagiai",161423350,LT614233515,‪+37065664320,roliuda@gmail.com,Darbo laikas,https://rrr.lt/roliuda,
20112,"Ivan Marčenkov, IV","Kalno g. 3, 97343, Dauginčiai, Kretingos r.",1315975,,+37061568061,ivanmarcenkov206@gmail.com,Darbo laikas,https://rrr.lt/marcenkov,
20054,"Detrolita, UAB","Vilniaus g. 1, Raseiniai",305818680,LT100014959315,+37064351143,uabdetrolita@gmail.com,Darbo laikas,https://rrr.lt/detrolita,
20053,"Jotautas, UAB","Pėžaičių g. 15, Pėžaičiai",302580761,LT100017111411,+37060808155,vidunoauto@gmail.com,Darbo laikas,https://rrr.lt/jotautas,
19939,"Vygie, UAB","Europos pr. 77, Kaunas",302643902,LT100006974511,+37068465735,vgauto2011@gmail.com,Darbo laikas,https://rrr.lt/vygie,
19795,"Litmėja, UAB","K. Donelaičio g. 70, 78120, Šiauliai",145326966,,+37068664641,andriulisarnas@gmail.com,Darbo laikas,https://rrr.lt/litmeja,
19668,UAB Autofoma,"Kumelionių g. 32, Marijampolė",251126070,LT100001696314,+37065506665,tado.autodalys@gmail.com,Darbo laikas,https://rrr.lt/autofoma2,
19596,"Detaja, UAB","P. Katiliaus g. 24B, Katiliškiai",305175412,LT100015249616,+37064965599,detajarrr@gmail.com,Darbo laikas,https://rrr.lt/detaja,
19452,"Automobilių grupė, UAB","H. ir O. Minkovskių g. 134, Kaunas",302541160,LT100008428910,+37061024757,autogrupekaunas@gmail.com,Darbo laikas,https://rrr.lt/agrupe,
19384,Fortunatas Karvelis,"Vytauto g. 2, 28370, Vyžuonos",909624,,+37062947602,forkarvelis98@gmail.com,Darbo laikas,https://rrr.lt/forteirdo,
19335,"Olymp Group, UAB","Vilniaus g. 18A, 13116, Mickūnai",305970649,LT100015419718,+37064800005,arturas9000@gmail.com,Darbo laikas,https://rrr.lt/olympgroup,
19281,"Ulas Auto, UAB","Lozoraičio g.25, 53231, Garliava",305487682,LT100014735310,+37067697655,uab.ulasauto@gmail.com,Darbo laikas,https://rrr.lt/ulasauto,
19190,"A.Dilbos, IĮ","Dariaus ir Girėno g. 125, Vilnius",123394231,LT233942314,+37068624487,autodilbarrr@gmail.com,Darbo laikas,https://rrr.lt/autodilba,
19068,"Gabis, UAB","Kaimelės g. 197, Kaunas",303031089,LT100007842714,+37066827123,parts@gabis-transport.eu,Darbo laikas,https://rrr.lt/gabis,
18972,"Judesta, UAB","Savanorių pr. 174R, Vilnius",303067046,LT100007783614,+37061130009,naudotos@judesta.lt,Darbo laikas,https://rrr.lt/judesta,
18877,"Automindeta, UAB","Rudiškių g. 3, Rudiškių km.",151021556,LT100015343411,+37065403056,automindeta1@gmail.com,Darbo laikas,https://rrr.lt/automindeta,
18539,"RIVA Parts, UAB","Jėgainės g. 6, 52490, Kaunas",305975144,LT100014666717,+37060199204,rivaparts@gmail.com,Darbo laikas,https://rrr.lt/rivaparts,
18217,"Capatrans, UAB","Beržyno g. 10, Krucių k.",305660013,LT100013598612,+37066571966,capatransuab@gmail.com,Darbo laikas,https://rrr.lt/capatrans,
18034,Greta Čebatarauskaitė,"Nevėžio g. 44, 54320, Vilkėnai",1196016,,+37067508276,vg.autopart@gmail.com,Darbo laikas,https://rrr.lt/vgautopart,
17866,UAB Balting,"R. Kalantos g. 2A, 5 angaras, Kaunas",302853740,LT100007110610,+37065633290,balting.info@gmail.com,Darbo laikas,https://rrr.lt/balting,
17517,UAB Nobukas,"Žalioji g. 31, 39200 , Girsūdai",305602024,LT100014336716,+37060926900,autoamerikiete@gmail.com,Darbo laikas,https://rrr.lt/nobukas,
17488,"Emonton, MB","Kėdainių g. 4, Kaunas 47181, Kaunas",304947900,LT100012074012,+37063020373,Emontonparts@gmail.com,Darbo laikas,https://rrr.lt/emonton,
17466,"Forum LT, UAB","Raudondvario pl. 242B, Kaunas",303482900,LT100009348416,+37069559300,ebayfmlt@gmail.com,Darbo laikas,https://rrr.lt/forumlt,
17420,"Autovera, UAB","Šiaulių gatvė 76, Gustonys",168661653,LT686616515,+37065341173,autovera.bmw@gmail.com,Darbo laikas,https://rrr.lt/autovera,
17336,"Darbai su garantija, UAB","Deltuvos g. 33C, Ukmergė",304450503,LT100010685318,+37064972948,darbaisugarantija@gmail.com,Darbo laikas,https://rrr.lt/dsg,
17021,"Anda, UAB","Drobės g. 37, Kaunas",133570375,LT335703716,+37066366644,labas@pasiimk.lt,Darbo laikas,https://rrr.lt/anda,
16924,"Marius Kasparavičius, IV","Turmanto g. 49, 32134, Zarasai",1171977,,+37060084651,audia83@inbox.lt,Darbo laikas,https://rrr.lt/mpparts,
16856,Nina Grigaravičienė,"Ukmergės g. 24A, Bukonys",993703,,+37067512777,dalysjonava@gmail.com,,https://rrr.lt/lavaldas,Darbo laikas
16805,Vidas Barkauskas,"Kalno g. 12A, 72123, Kęsčiai",536938,,+37063964544,vidaskesciai@gmail.com,Darbo laikas,https://rrr.lt/vidodalys,
16794,"UAB ""BENGINA""","Žarijų g. 2A, 3 korpusas, Vilnius",123871540,LT238715418,+37065943050,alvydas.karsokas@gmail.com,Darbo laikas,https://rrr.lt/bengina,
16602,"Dalersa, UAB","Ukrainiečių g. 57-102, Vilnius",303005404,LT100007692516,+37060326100,uab.dalersa@gmail.com,Darbo laikas,https://rrr.lt/dalersa,
16509,MB Vmlauto,"Pramonės g. 3 K5, Šilutė",307109005,LT100017624917,+37067238378,info@naudotosdalys.com,Darbo laikas,https://rrr.lt/vmlauto,
16420,"Baltic Era, MB","Ovos g. 8, 53409, Kuras, Kauno raj.",306036198,LT100015928012,+37063910663,vadyba@balticera.lt,Darbo laikas,https://rrr.lt/balticera,
16128,"Aldparta, UAB","Plento g. 2C, Kairiai",306386259,LT100016975817,+37067265388,Aldasarmp@gmail.com,Darbo laikas,https://rrr.lt/aldasarmp,
15911,MB Abra auto,"Mokolų g. 6, Marijampolė",307106226,LT100017625918,+37065266566,mbabraauto@gmail.com,Darbo laikas,https://rrr.lt/abraitis,
15873,Domotors UAB,"Nevėžio g. 2G, 38365, Berniūnai",304503169,LT100014523010,+37063814680,dovitkus@gmail.com,Darbo laikas,https://rrr.lt/sciukaite,
15776,"MB ""Kretingos autodalys""","Verslo g. 19, Kretinga",306130256,LT100015447915,+37062712637,karolismiksta@gmail.com,Darbo laikas,https://rrr.lt/ligita,
15701,"Daluka, MB","Kaštonų g. 23, Keturvalakiai",307142560,LT100019578711,+37063316145,traliukas@yahoo.com,Darbo laikas,https://rrr.lt/traliukas,
15345,Tomas Adomaitis,"Klausmylių g. 22, Klemiškės I",759475,LT100015970911,+37068211615,adomaitissilute@gmail.com,Darbo laikas,https://rrr.lt/adomaitis,
15282,"Taluda, UAB","J. Basanavičiaus g. 168, Šiauliai, 76123 , Šiauliai",303906968,LT100013019610,+37069361610,uab.taluda@gmail.com,Darbo laikas,https://rrr.lt/taluda,
15175,"Magvis, UAB","Akmenėlių g. 6, Mažeikonių k.",303218975,LT100008282014,+37065665881,magvis.info@gmail.com,Darbo laikas,https://rrr.lt/magvis,
15087,"Supergreiti, UAB","V. A. Graičiūno g. 20, 02241, Vilnius",304483567,LT100010822716,+37064123788,dalys@ubrmotors.lt,Darbo laikas,https://rrr.lt/supergreiti,
14982,"Sunaforta, UAB","Lazdijų g. 20, Kaunas",302798870,LT100009566511,+37061700822,autosunaforta@gmail.com,Darbo laikas,https://rrr.lt/sunaforta,
14981,"Autodalių erdvė, UAB","Juragių g. 40, 53370, Mitkūnai",303139588,LT100008021514,+37060931708,ebayautodaliuerdve@gmail.com,Darbo laikas,https://rrr.lt/autodaliuerdve,
14847,"Radviliškio autoverslas, UAB","Maironio g. 165, Radviliškis",171655621,LT716556219,+37068537709,tomas@mkauto.lt,Darbo laikas,https://rrr.lt/mkauto,
14635,"UŽDAROJI AKCINĖ BENDROVĖ ""LOTOSTRA""","Metalistų g. 10, Šiauliai",245643750,LT456437515,+37069885048,info@lotostra.lt,Darbo laikas,https://rrr.lt/lotostra,
14586,"Autginta, UAB","Gamyklos g. 1, 96155, Gargždai",302534625,LT100006648311,+37067722424,autginta@gmail.com,Darbo laikas,https://rrr.lt/autginta,
14312,"Spare parts, MB","Gailutės g. 37A, Kaunas",306330837,LT100016322818,+37063095511,sparepartskaunasrrr@gmail.com,Darbo laikas,https://rrr.lt/arnas,
14290,"Valenčiūnų autodirbtuvės, MB","Jotijos g. 2, 71382, Valenčiūnai, Šakių r.",304768388,LT100018365015,+37064738357,robertas.auto.dirbtuves@gmail.com,Darbo laikas,https://rrr.lt/vautodirbtuves,
14226,MB SVJ Auto,"Tinklų g. 35E, Panevėžys",306693596,LT100016738517,+37068376120,mbsvjauto@gmail.com,,https://rrr.lt/svjparts,Darbo laikas
14211,"Autopavara, UAB","Liepgirių g. 48, Burbaičiai",303233055,LT100016483816,+37061601134,uabautopavara@gmail.com,Darbo laikas,https://rrr.lt/autopavara,
14188,"RTZ Motors, MB","Elektrėnų g. 8, Kaunas",305897642,LT100016679013,+37065496369,rytis.jonus@gmail.com,Darbo laikas,https://rrr.lt/jonusas,
14145,"Autosandėlis, UAB","Pramonės g. 105, Vilnius",304445901,LT100017236413,+37068777319,autosandelis@gmail.com,,https://rrr.lt/autosandelis,Darbo laikas
14099,MB Mažeikių lada,"Ketūnų g.50, Mažeikiai",306308883,,+370 625 44441,edmundasliutkus@yahoo.de,Darbo laikas,https://rrr.lt/butkus,
13923,"Eurometas, UAB","Draugystės g. 17e, 51229, Kaunas",303393095,LT100010497510,+37061166669,uabeurometas@gmail.com,Darbo laikas,https://rrr.lt/eurometas,
13829,MB Eva dalys,"Vytauto Didžiojo g. 134, 86109, Kelmė",307101706,LT100017723110,+37061171878,dalyskelmevd@gmail.com,Darbo laikas,https://rrr.lt/tuckus,
13794,"Aldel, UAB","Liepų g. 12, Būteniai",302716072,LT100007494510,+37063365075,detales.aldel@gmail.com,Darbo laikas,https://rrr.lt/aldel,
13664,"Lumbeva, UAB","Nemuno g. 63, Radžiūnai",304181273,LT100014220118,+37062188666,lukas.urbas@gmail.com,Darbo laikas,https://rrr.lt/lumbeva,
13443,"MB ""Klausta""","Borutos g.31, 46115, Kaunas",307575896,LT100019639111,+37064536118,karolis.keblaitis@gmail.com,Darbo laikas,https://rrr.lt/srotas69,
13239,"RPA Group, UAB","Stiklo g. 3, Dievogala, 53321 Kauno r., Kaunas",305016043,LT100012884818,+37060716008,dalys@rpagroup.lt,Darbo laikas,https://rrr.lt/rpagroup,
13074,Edvinas Gudunskas,"Kalnų g. 4C, 47179, Kaunas",1388667,,+37060151980,volvoxdalys@gmail.com,Darbo laikas,https://rrr.lt/volvoxdalys,
13033,"Autoaidas, UAB","Dariaus ir girėno 23, Salantai, Kretingos raj.",302597757,LT100005998816,+37069888650,ebay1autoparts@gmail.com,Darbo laikas,https://rrr.lt/autoaidas,
12992,"Partesa, UAB","Arimų g. 35D, Vilnius",304040632,LT100011215014,+37069992933,Partesa.parts@gmail.com,Darbo laikas,https://rrr.lt/partesa,
12985,"Almantus, UAB","Bočių g. 30, Laičių km.",304479113,LT100011636315,+37064359449,uabalmantus@gmail.com,,https://rrr.lt/almantus,Darbo laikas
12975,"Vilniaus autoprekyba, UAB","Melioratorių g. 28A, Vilnius",304760377,LT100011615413,+37064702602,autoprekyba00@gmail.com,Darbo laikas,https://rrr.lt/autoprekyba,
12737,"Darijus Kasparavičius, IV","Beržinių g. 58, 70322, Karkliniai",1183986,,+37063163519,darijuskasparavicius@gmail.com,Darbo laikas,https://rrr.lt/kasparavicius,
12724,"Remgera, UAB","Pramonės g. 12, Panevėžys",148328157,LT483281515,+37068552162,detalesmasinai@gmail.com,Darbo laikas,https://rrr.lt/remgera,
12444,MB Ap auto parts,"A. Mickevičiaus g. 135, 14167, Platiniškės",304431321,LT100013739710,+37061518757,ap.autoparts.info@gmail.com,Darbo laikas,https://rrr.lt/soumeistrai,
12416,Dainius Kančauskas,"Švenčionių g. 8E, 45171, Kaunas",231860,LT100014943515,37065841212,Bmwudalys@gmail.com,Darbo laikas,https://rrr.lt/kancauskas,
12332,UAB Bratas,"Šlamų 1B-1, Šlamai",306008010,LT100014759115,+37068749115,uabbratas@gmail.com,Darbo laikas,https://rrr.lt/bratas,
12298,"Liepsnuva, UAB","Nevėžio g. 1, 38365, Berniūnai",147295220,LT472952219,+37061871700,autooflame_eu@yahoo.com,Darbo laikas,https://rrr.lt/liepsnuva,
12279,Deividas Šimkus IV,"Klausmylių 26, Klemiškė 1, Klaipėda",980400,LT100014710011,+37069853050,33333usa@gmail.com,Darbo laikas,https://rrr.lt/montana,
12267,Jono Mickaus prekybos įmonė,"Naujoji g. 14, Kantališkiai",151341798,LT513417917,+37069823494,mickus.deividas@gmail.com,,https://rrr.lt/jmprekyba,Darbo laikas
12192,MB DE DALYS,"Pakalnės g. 21, 20287, Ukmergės r., Dainava",306841543,LT100017146515,+37064615037,daumantas.parts@gmail.com,Darbo laikas,https://rrr.lt/medisauskas,
12168,"UAB, Autodetalių erdvė","Pramonės g. 3b, Kaišiadorys",158978395,LT100002508819,+37068269282,arvis699@yahoo.com,Darbo laikas,https://rrr.lt/daivav,
12143,"Mitoma parts, UAB","Girinių g. 4, Arnionys",302431486,LT100004929515,+37065209855,Mitomaparts@gmail.com,Darbo laikas,https://rrr.lt/automantvydas,
12069,"Gotparts, MB","M.P. Šalčių g.7, 47205, Kaunas",306623772,LT100016829211,+37068934456,mbgotparts@gmail.com,Darbo laikas,https://rrr.lt/gotparts,
12068,"Jotiga, I. Į.","Šiaurinės g. 1 , Telšiai",302940896,LT100007365419,+37061148014,laimonas.gaubys@gmail.com,Darbo laikas,https://rrr.lt/gaubys,
12056,"Stadela, UAB","Lakūnų g. 6, Alytus",302899727,LT100007827418,+37065612630,info.stadela@gmail.com,Darbo laikas,https://rrr.lt/stadela,
12035,UAB Aradnis,"Pramonės g. 3C, Panevėžys",148425738,LT484257314,+37068622764,info@aradnis.lt,Darbo laikas,https://rrr.lt/aradnis,
12030,"Pas Leoną, UAB","Draugystės g. 10F, Kaunas",172415376,LT100001917010,+37060989994,dalys200@gmail.com,Darbo laikas,https://rrr.lt/pasleona,
11769,"West 30, UAB","Vakarų g. 30, Bliūdžiškiai, Marijampolė",305640402,LT100015155019,+37060652565,uab.west30@gmail.com,Darbo laikas,https://rrr.lt/west30,
11618,"UAB, Forum LT","Raudondvario pl. 242B, Kaunas 47158, Kaunas",303482900,LT100009348416,+37064270000,subarudalys@gmail.com,Darbo laikas,https://rrr.lt/forumlt1,
11458,"Metalynas, UAB","Marijampolės g. 92, 69367, Antanavas",303455860,LT100008980618,+37064127995,info@metalynas.lt,Darbo laikas,https://rrr.lt/metalynas,
11453,Aurimas Balzekas IV,"Dvaro g. 2, 20368, Žemaitkiemis",1218090,LT100016762217,+37061755798,abmotors.lt@gmail.com,Darbo laikas,https://rrr.lt/abmotorslt,
11315,"DRT Auto, MB","Vyšnialaukio g. 9, 69104, Patašinė",306167646,LT100015661913,+37061150021,drtauto8@gmail.com,Darbo laikas,https://rrr.lt/drtauto,
11153,Motorini MB,"Sporto g. 52, Marijampolė",306246499,,+37068548548,jonasdalys@gmail.com,Darbo laikas,https://rrr.lt/jonasdalys,
11145,"Rajesas, UAB","Radvilų dvaro g. 6, Kaunas",135832118,LT358321113,+37065505568,info@rajesas.lt,Darbo laikas,https://rrr.lt/rajesas,
11116,"Salmaster, UAB","Keravos g. 1, Kerava",304443505,LT100010652513,+37067552655,uab.salmaster@gmail.com,Darbo laikas,https://rrr.lt/salmaster,
10857,MB XLAUTO,"Vakarinė g. 7, Galgiai",306669321,LT100016627515,+37060113654,autokarolis@gmail.com,Darbo laikas,https://rrr.lt/autokarolis,
10805,UAB Merkuris,"Pramonės g. 17E, 87101, Telšiai",306993387,LT100017269813,+37063723333,horstass@gmail.com,Darbo laikas,https://rrr.lt/merkuris2,
10678,"Minibusai, UAB","Uosio g. 10A, Kaunas",304997383,LT100012222416,+37060802111,Edgarasrad@gmail.com,Darbo laikas,https://rrr.lt/minibusai,
10667,"Motoriba, UAB","Metalo g. 6, 97193, Kluonaliai, Kretingos r.",303238796,LT100009271317,+37067416150,dalys.kretinga@gmail.com,Darbo laikas,https://rrr.lt/motoriba,
10606,Dovilė Grikštė,"Bačiūnų g. 169, Šiauliai",1297609,,+37064550225,griksterrr@gmail.com,Darbo laikas,https://rrr.lt/grikstas,
10474,Rolandas Morkevičius,"Gėlininkų g. 21, Sutkūnai 76116, Sutkūnai",311535,,+37061822382,rolkismor@gmail.com,Darbo laikas,https://rrr.lt/rolkismor,
10414,"Autobiznis, UAB","Elektrėnų g. 9F, Kaunas 51193, Kaunas",306014892,LT100016187012,+37069662268,autobiznis@proton.me,Darbo laikas,https://rrr.lt/autobiznis,
10304,Mažoji bendrija Kuoka,"Topolių g. 7, 54310, Giraitė",304992450,LT100012595314,+37062255552,autokuoka@gmail.com,Darbo laikas,https://rrr.lt/autokuoka,
10287,Kšištof Tučinski,"Miško g. 2, Nemenčinė",1009265,,+37061222231,iwantpart@gmail.com,Darbo laikas,https://rrr.lt/tucinski,
10198,Rimgaudas Balaika IV,"Juodupės g. 2, Puskelniai",495535,LT100014506212,+37065938309,balaikarimgaudas@gmail.com,Darbo laikas,https://rrr.lt/carpartsltr,
10130,"Lanžeronas, UAB","V. Kudirkos g. 4, 20107, Ukmergė",182747380,LT100007999310,+37064041537,edgarasukm@gmail.com,Darbo laikas,https://rrr.lt/lanzeronas,
10071,"MP Trade, UAB","Topolių g. 1G, 77192 , Andrijava",305677589,LT100013987317,+37066086666,info@mptrade.lt,Darbo laikas,https://rrr.lt/mptrade,
9975,UAB AUTODIGMA,"Metalistų g. 10, Šiauliai",302963350,LT100007426515,+37064646003,autodigma@gmail.com,Darbo laikas,https://rrr.lt/autodigma,
9955,Gintarė Mačiulienė,"Metalo g. 7, Utena",767848,,+37061958888,manodalyss@gmail.com,Darbo laikas,https://rrr.lt/maciulienes,
9895,"Autocentras, UAB","Geologų g. 6, Vilnius",300606944,LT100005013618,+37062205007,parts@auto-centras.lt,,https://rrr.lt/autocentras,Darbo laikas
9867,"LUU AUTO, MB","Beržų g. 6, 84193, Beržininkai",306961261,,+37066300191,luudalys@gmail.com,Darbo laikas,https://rrr.lt/lukosiunas,
9856,"Detalistas, MB","Draugystės g. 17H, 51229, Kaunas",306281774,LT100019372417,+37067515164,mbdetalistas@gmail.com,Darbo laikas,https://rrr.lt/detalistas,
9779,"Ratuočių dalys, UAB","Elektronikos g. 38, Panevėžys",307053955,LT100018202919,+37068879130,mototopq7@gmail.com,Darbo laikas,https://rrr.lt/topdalys,
9737,"Arūnas Kužmarskis, IV","Stotelės g. 1, 99426, Šyliai",1272009,LT100019283416,+37064031549,kuzmarskisa@gmail.com,Darbo laikas,https://rrr.lt/kuzmarskis,
9691,"UAB ""Desforma""","Birštono g.32, Birštono Vienkemis, Birštono r. sav.",302476232,LT100005476813,+37060093532,desforma@yahoo.com,Darbo laikas,https://rrr.lt/desforma,
9674,"Alkūninis velenas, MB","Verslo g. 11, 53458, Virbališkiai",306684832,LT100017309118,+37063805890,alkuninioveleno@gmail.com,Darbo laikas,https://rrr.lt/alkuninisvelenas,
9664,"DMR autodalys, MB","Žemgos g. 10, 54381, Radikiai, Kauno r.",306963586,LT100017077317,+37060332111,info@dmrautodalys.eu,Darbo laikas,https://rrr.lt/dmrautodalys,
9595,"KML PARTS, MB","Nendrių g. 5 Kaunas, 50139, Kaunas",307550213,LT100019827514,+37066448594,info.kmlparts@gmail.com,Darbo laikas,https://rrr.lt/kornelijus,
9561,MB Gintaro dalys,"Lentpjūvės g. 2a Šakių r. savv, Kaimelio k.",307655680,,+37060322277,gintaroauto@gmail.com,Darbo laikas,https://rrr.lt/gintoauto,
9542,"TTR autodalys, MB","Gandrų g. 16, 33332, Padvarniai, Molėtų r.",306674083,LT100017272914,+37063606068,ttr.autodalys@gmail.com,Darbo laikas,https://rrr.lt/ttrautodalys,
9459,"M Automobiliai, MB","Tamšos g. 22, Patumšaliai, 88403 Telšių r. sav., Patumšaliai",306237532,LT100016566015,+37062354025,mmmdalys@gmail.com,Darbo laikas,https://rrr.lt/mautomobiliai,
9395,"Minmara, UAB","Žemaitės g. 102, 76163, Šiauliai",303168305,LT100008092210,+37067257321,minmara.parts@gmail.com,,https://rrr.lt/minmara2,Darbo laikas
9285,"Parto, UAB","Palevenes g. 4, Dagiliskio k",307589465,,+37069589890,parto.uab@gmail.com,,https://rrr.lt/radimas,Darbo laikas
9247,"Autopartas, UAB","Klevų g. 42c, Vaivadai",302973394,LT100008033619,+37060286822,info@autopartas.lt,Darbo laikas,https://rrr.lt/autopartas,
9223,"AKA Group, MB","J.Šimkaus g.29, Kaunas",305907296,LT100014460715,+37063869220,info@akagroup.lt,Darbo laikas,https://rrr.lt/antanaskuc,
9113,A. Saukanto IĮ,"Liepų g. 9, 98130, Kulai II, Skuodo r.",173941817,LT100014016319,+37068053210,arturas.dalys@gmail.com,Darbo laikas,https://rrr.lt/asaukanto,
9099,"Mūšos Krantas, UAB","Mūšos g. 20, Pasvalys",169230022,LT692300219,+37065014190,ramunas@ukr.net,Darbo laikas,https://rrr.lt/musoskrantas,
9088,Erdo Parts MB,"Šilutės pl. 103 95112, Klaipėda",307039980,LT100018299619,+37062665777,info@erdoparts.com,Darbo laikas,https://rrr.lt/r8auto,
9085,"AutoTada, MB","Kontrimų g. 8, 88127, Birikai",306284884,LT100016629017,+37068900575,autotada2023@gmail.com,Darbo laikas,https://rrr.lt/autotada,
9040,"Autovis, UAB","Ukmergės g, 9c, Jonava",307177091,LT100018367617,+37068170457,dalysivairios@gmail.com,Darbo laikas,https://rrr.lt/siugzdinis,
9034,"RVparts, UAB","Jėgainės g. 6 52495 Kaunas, Kaunas",305937364,LT100015675610,+37067120277,rovaparts@gmail.com,Darbo laikas,https://rrr.lt/rvparts,
9003,MB LUK e-Sales,"Spalvų g. 2, 92358, Kalotė",305691980,LT100017039314,+37069590005,lukas.jonusas@yahoo.com,Darbo laikas,https://rrr.lt/ljonusas,
8965,"Eiauto, MB","Birutes g. 28, Vydmantai",305982587,LT100019017415,+37068340185,Eimantas.brencius@gmail.com,Darbo laikas,https://rrr.lt/eiauto,
8878,"Polera, UAB","Pramonės g. 9, 87101, Telšiai",306678320,LT100016687612,+37066242419,uabpolera@gmail.com,Darbo laikas,https://rrr.lt/polera,
8822,"Bimmerlot , UAB","Žemaitės g. 102, Šiauliai",306340183,LT100016150215,+37068338339,bimmerlot@gmail.com,Darbo laikas,https://rrr.lt/karpius,
8811,"Dormika, UAB","Pilikonių g. 12, 02213, Vilnius",304434082,LT100011094112,+37067030220,dormikalt@gmail.com,Darbo laikas,https://rrr.lt/dormika,
8802,UAB „MS dalys“,"Beržų g. 10, Panevėžys, Panevėžys",306693870,LT100016793015,+37061380847,uabmsdalys@gmail.com,Darbo laikas,https://rrr.lt/modestas,
8791,"Autonova, UAB","V. Maciulevičiaus g. 53, 04310, Vilnius",300661022,LT100012934616,+37064411106,autonova.uab@gmail.com,Darbo laikas,https://rrr.lt/autonova,
8737,"Autodogma, MB","Jūratės g. 150, Alytaus r. Likiškėlių k.",305743594,LT100016255313,+37067216768,autodogma@gmail.com,Darbo laikas,https://rrr.lt/autodogma,
8733,MB Ginara,"A. Juozapavičiaus pr. 102A, Kaunas",306023891,LT100014789319,+37060217607,mbginara@gmail.com,Darbo laikas,https://rrr.lt/ginar,
8511,"Bencis, MB","Pramonės g. 14, 53285, Stanaičiai, Kauno r.",304771473,LT100016908316,+37067794445,usedpartsbencis@gmail.com,Darbo laikas,https://rrr.lt/bencis,
8507,"Fagado, UAB","Minsko pl. 33D, 1F korpusas, 02121, Vilnius",305937880,LT100017103219,+37063179544,rrr@eshrot.lt,,https://rrr.lt/eshrot,Darbo laikas
8463,Linas Šidlauskas,"Draugystės g. 15m, 51227, Kaunas",420185,,+37066796110,info.partsgang@gmail.com,Darbo laikas,https://rrr.lt/partsgang,
8311,Vytenis Vaškelevičius,"J. Borutos g. 31, Kaunas, 46115, Kaunas",1336334,,+37067179238,vytenis.vaskelevicius@gmail.com,Darbo laikas,https://rrr.lt/nvparts,
8303,Robertas Kinas IV,"Žarėnų g. 28A, 44491 , Kaunas",939520,,+37063064351,kinas1973@mail.ru,Darbo laikas,https://rrr.lt/kinas,
8297,"Arūnas Žalnierius, IV","Piliakalnio g. 4, 76167, Žuvininkai",1323227,,+37060948815,autoronas@gmail.com,Darbo laikas,https://rrr.lt/autoronas,
8277,"Ardoga, UAB","Sandraugos g. 38a, Kaunas",304536678,LT100010934312,+37064628902,ardogadalys@gmail.com,Darbo laikas,https://rrr.lt/ardoga,
8264,"Vmauto, UAB","Svirno g. 4, 54346 Voškoniai, Svirno g. 4, 54346 Voškoniai",305900323,LT100014436712,+37063911121,autovmauto@gmail.com,,https://rrr.lt/vmauto,Darbo laikas
8218,"Frencis, MB","Putinų g. 5A, Baltrušaičių k., Gaurės sen., 72372 Tauragės r., Baltrušaičių k., Gaurės sen.,",305731389,LT100014163418,+37068948868,mbfrencis@gmail.com,Darbo laikas,https://rrr.lt/grauto,
8209,"Aitep, MB","Pagrindinė g. 4a, Naujasėdžių k.",307583380,,+37064774044,Andriuha999@gmail.com,,https://rrr.lt/petrovski,Darbo laikas
8178,UAB Upytės servisas,"Krekenavos g. 2, 38291, Tarnagala",307075414,LT100018405916,+37063604391,mariusnemanis.dalys@gmail.com,Darbo laikas,https://rrr.lt/nemanis,
8137,"Fan Parts, MB","Romainių g. 71, Kaunas",306405389,LT100016558811,+37068448044,Fanparts1@gmail.com,Darbo laikas,https://rrr.lt/ruseckas,
8101,"Deremika, UAB","Mikytų k. 6, 99286, Mikytai",177304629,LT773046219,+37063086884,deremikarrr@gmail.com,Darbo laikas,https://rrr.lt/deremika,
8077,"Autorodis, UAB","V. A. Graičiūno g. 30, 02241, Vilnius",305601926,LT100014099311,+37060118308,tedasjunel@gmail.com,Darbo laikas,https://rrr.lt/autorodis,
7992,MB Daliarauto,"Gamyklos g. 5, 13210, Marijampolis",307185572,,+37060145302,www.Daliarauto@gmail.com,Darbo laikas,https://rrr.lt/autopanava,
7830,UAB Samlanda,"Pavasario g. 72, Dituva, Klaipėdos r., Dituva",163685885,LT100019231615,+37060224221,mtparts2000@gmail.com,Darbo laikas,https://rrr.lt/mtparts,
7793,"Autoferma, UAB","Geisteriškiai 1, Geisteriškių k.",305361299,LT100012803216,+37065558444,uabautoferma.dalys@gmail.com,Darbo laikas,https://rrr.lt/autoferma,
7740,"Anastasija Makarevič, IV","Justiniškių g. 86, 05232, Vilnius",1460212,,+37063339151,arnass20@gmail.com,,https://rrr.lt/makarauta,Darbo laikas
7699,"ADO Motors, MB","Katiliškių g. 100, 13242, Vilnius",307568841,LT100020039916,+37063043255,n.adomenas@gmail.com,Darbo laikas,https://rrr.lt/adomenobmwdalys,
7587,"Automotive Trading Group, UAB","Naujoji g.30, 14185, Avižieniai, Vilniaus raj.",304762378,LT100011462115,+37062266005,orders.atgroup@gmail.com,Darbo laikas,https://rrr.lt/uabatgroup,
7429,"Frons, MB","Dvaro g. 25, Marijampolis, Vilniaus r.",304746858,LT100015632415,+37060106083,egidijusmazeika505@gmail.com,Darbo laikas,https://rrr.lt/frons,
7412,"Automazgas, UAB","Lampėdžių g. 5, Kaunas",304429306,LT100011464610,+37068770445,liudasa@gmail.com,Darbo laikas,https://rrr.lt/automazgas,
7284,"Tushkeparts, MB","Erdvilo g. 3, 47181 , Kaunas",307177497,,+37062916300,tushkeparts@gmail.com,Darbo laikas,https://rrr.lt/zujus,
7155,"Eurasparts, MB","Kmynų tak. 6 652176, Kaunas",305789257,LT100014149513,+37067444567,eurasparts@gmail.com,Darbo laikas,https://rrr.lt/eurasparts,
7111,Marius Dulka,"Pramonės pr. 4j, Kaunas",538002,LT100016331312,+37067930125,dlagarazas@gmail.com,,https://rrr.lt/dlagarage,Darbo laikas
7101,"Dignus motors, UAB","Kęstučio g. 95, 59142, Prienai",305654341,LT100013766718,+37065511277,paulius.zagorskis.pz@gmail.com,Darbo laikas,https://rrr.lt/dignusmotors,
7100,Berego MB,"Zariškių g. 10 69453, Ąžuolų Būda",306946409,LT100017528714,+37061296989,Beregomb@gmail.com,Darbo laikas,https://rrr.lt/ekauto,
7074,"Almantas Masys, IV","Palijoniškio g. 1a, Utena",391406,LT100019264319,+37061485485,almismasys@gmail.com,Darbo laikas,https://rrr.lt/masys,
7050,Marius Šaparnis,"Juostos g. 5, Trakiškis, 38102 Panevėžio r. sav.",990951,,+37067466288,marius966@gmail.com,Darbo laikas,https://rrr.lt/marsap,
6995,"Vmlauto, MB","Žolynų g. 30, 99373, Sakūtėliai",307109005,LT100017624917,+37066088444,vmlauto@naudotosdalys.com,Darbo laikas,https://rrr.lt/vmlparts,
6994,"Jurketa, UAB","Lašupio g. 11, 96225, Dovilai",305295340,LT100012721712,+37060355318,prancuziskosauto@gmail.com,Darbo laikas,https://rrr.lt/jurketa,
6833,"Bimmer yard, MB","Sakų g. 3, 62201, Alytus",306651412,LT100016784611,+37061191501,dalysrrr@gmail.com,Darbo laikas,https://rrr.lt/bmwgenuineparts,
6753,"Devilis, UAB","Veiverių g. 150, 46391, Kaunas",304844786,LT100014266419,+37060625032,mbdevilis@gmail.com,Darbo laikas,https://rrr.lt/devilis,
6672,"Ado dalys, MB","Breslaujos g. 5, Kaunas 44403, Kaunas",306411755,LT100016495214,+37060494339,adoliszukauskas@gmail.com,Darbo laikas,https://rrr.lt/zukauskas,
6496,MB ST Autoparts,"Klojimo g. 5, 54341, Eigirgala, Kauno r.",307537269,,+37066023223,Tomas770801@gmail.com,Darbo laikas,https://rrr.lt/alsautoparts,
6467,"Rasdeta, UAB","Liepų g. 10A, 60119, Raseiniai",172438026,LT100008977012,+37063861266,rrasdeta@gmail.com,Darbo laikas,https://rrr.lt/rasdeta,
6427,"Topstat, UAB","Lauko g. 15, 54317 , Naujieji Muniškiai",306274146,LT100016079610,+37061323999,info@eupart.lt,Darbo laikas,https://rrr.lt/eupart,
6423,"MB ""Autod""","Viršutynės g. 10, Kaunas",307138708,,+37063285666,autod2025@gmail.com,Darbo laikas,https://rrr.lt/autod,
6420,"MB ""Car parts box""","Žirgų g. 54, 32301, Užtiltė",307080240,,+37067776114,carpartsboxlt@gmail.com,Darbo laikas,https://rrr.lt/carpartsbox,
6412,Ramūnas Martinkus,"Smeltalės g. 4, 96226, Kiškėnai",619799,,+37067676025,ramunasrammart1237@gmail.com,Darbo laikas,https://rrr.lt/ramdalys,
6360,"Bimera, MB","Mokyklos g. 18, Mokolai, Marijampolės sav.",304058783,LT100019855610,+37060993476,vygis.ukdalys@gmail.com,Darbo laikas,https://rrr.lt/majamis,
6304,"Vytautas Venclovas, IV","Tiesioji g. 40, 53368, Bajorai",1208392,,+37060625248,autogorila@gmail.com,Darbo laikas,https://rrr.lt/autogorila,
6143,"Erikas Čižas, IV","Žaliųjų Ežerų g. 195, 08471, Vilnius",688433,,+37068623902,erikascizas0305@gmail.com,,https://rrr.lt/cizas,Darbo laikas
6136,Evaldo Šapranavičiaus IV,"Romainių g. 69, Kaunas",609760,,+37064108626,autodalysromainiai@gmail.com,Darbo laikas,https://rrr.lt/romainiai,
5986,"Dominykas benson, MB","Europos Parko g. 76, 14269, Vilnius",307002366,LT100018975414,+37063999906,autodalys2@inbox.lt,Darbo laikas,https://rrr.lt/benson,
5973,Vitalija Kazlauskienė,"K. Naruševičiaus g. 97, 37125, Panevėžys",1403271,,+37066091664,uab.detalta@gmail.com,Darbo laikas,https://rrr.lt/detalta,
5943,"Folteka, UAB","Stoties g. 17F, 42164, Rokiškis",173202192,LT732021917,+37069889403,autofolteka@gmail.com,Darbo laikas,https://rrr.lt/folteka,
5669,"Tekameta, MB","Topolių g. 7, 54310, Giraitė, Kauno r.",305902160,,+37067759854,ikazlauskas@gmail.com,,https://rrr.lt/tekameta,Darbo laikas
5639,"Ajumanta, MB","Iešmininkų g. 17A 02151 , Vilnius",306349734,LT100017048616,+37067555590,MB.ajumanta@gmail.com,Darbo laikas,https://rrr.lt/ajumanta,
5625,"Haiteksas, UAB","Europos pr. 15, Kaunas",305745296,LT100014012716,+37066180082,haiteksas@gmail.com,Darbo laikas,https://rrr.lt/haiteksas,
5617,"MB ""RD AUTODALYS""","Prienų g. 15, 69104, Patašinė",307424499,LT100019145417,+37063342094,rdautodalys@gmail.com,Darbo laikas,https://rrr.lt/rdautodalys,
5615,"Cleanparts, MB","Pramonės g. 16, Vilniaus r. sav.",307000696,,+37066366343,info@cleanparts.lt,Darbo laikas,https://rrr.lt/dagris,
5605,MB Domeva,"Liepų g. 23, 82483, Kalnelio Gražioniai",306949818,LT100017221011,+37068692446,bemwudalys@gmail.com,Darbo laikas,https://rrr.lt/bemwudalys,
5596,"Paulius Kasparavičius, IV","Turmanto g. 49, 32134, Zarasai",1284489,,+37062223623,kasparaviciuspaulius6@gmail.com,Darbo laikas,https://rrr.lt/daliugidas,
5557,"Autohelas, MB","Masteikiai, Medziotoju g. 50, 54427, Kaunas",304828839,LT100013717518,+37067180118,autohelas@gmail.com,Darbo laikas,https://rrr.lt/autohelas,
5530,MB Autogmeda,"Pamario g. 15, Kaunas 52264, Kaunas",306380249,LT100017337912,+37062829781,autogmeda@gmail.com,Darbo laikas,https://rrr.lt/autogmeda,
5521,"Delany, UAB","Vyšnialaukio g. 9, Marijampolė, Patašinės km.",305822084,LT100014871016,+37065855779,uabdelany@gmail.com,Darbo laikas,https://rrr.lt/delany,
5483,"Afera, UAB","Vasario 16-osios gatvė, Garliava, LT-53217, Kaunas",306062264,,+37068188698,uabafera@gmail.com,Darbo laikas,https://rrr.lt/afera,
5456,"Julinas, UAB","Frenkelių g. 11, Šiauliai",303289335,LT100008518916,+37061111777,juli6179@gmail.com,Darbo laikas,https://rrr.lt/julinas,
5441,"Motors Group, UAB","Vaikystės g. 10, 14184, Avižieniai",307026417,LT100017811315,+37065016394,uabmotorsgroup@gmail.com,Darbo laikas,https://rrr.lt/motorsgroup,
5327,"Visaida, UAB","Senamiesčio g. 109A, Panevėžys",303441939,LT100012420513,+37061819000,audidalys123@gmail.com,Darbo laikas,https://rrr.lt/visaida,
5294,"Igoris Novikovas, IV","Vykinto g. 10, 08118, Vilnius",1116232,LT100017345015,+37068436363,perfectparts13@gmail.com,Darbo laikas,https://rrr.lt/novikovas,
5289,"Partecha, UAB","Miliškių k. 9, Miliškiai",304159355,LT100009924313,+37061534058,julius@partecha.com,Darbo laikas,https://rrr.lt/partecha,
5251,Dovydas Stulgys,"J. Šliūpo g. 13A LT-76213, Šiauliai",1389287,LT100019633213,+37065765040,dovydodalys@inbox.lt,Darbo laikas,https://rrr.lt/juranda,
5215,"Detalėja, MB","Kaniūkų kel. 35, 64382, Alytaus r. sav., Kaniūkai",306385303,LT100017455917,+37062066677,Detaleja@gmail.com,Darbo laikas,https://rrr.lt/detaleja,
5175,"Evaldas Trakinskas, IV","Maironio g. 72, 60120, Raseiniai",923777,,+37060275065,etrakinskas@gmail.com,Darbo laikas,https://rrr.lt/etrakinskas,
5158,Vaidas Šimonėlis,"Kalvų g. 10, Narkūnų kaimas",1417247,,+37069037133,biliarda.utena@gmail.com,Darbo laikas,https://rrr.lt/biliarda,
5151,Akvilė Bučytė,"2219, Plikiai 92400, Plikiai",1269946,,+37061264023,teilecomandor@gmail.com,Darbo laikas,https://rrr.lt/teilecomandor,
5128,Tomas Matužis,"Giedriai 7, Šiaulių km. sen. 80145, Giedriai",704985,LT100016635314,+37067875764,tomodalyssiauliai@gmail.com,Darbo laikas,https://rrr.lt/tomodalys,
5068,"Madeta, MB","Lakštingalų g. 56, 87106, Telšiai",307594074,LT100019729312,+37065538803,a.daubaryte@gmail.com,Darbo laikas,https://rrr.lt/daubaryte,
5065,"N. Pinkevičiaus, IĮ","Antalgės k. Tvenkinių g. 4, Utenos r",183833544,,+37068738550,antdalys@gmail.com,Darbo laikas,https://rrr.lt/pinkeviciaus,
5065,"Auredga, UAB","Chemijos g. 105-44, Kaunas",305833216,LT100014738314,+37067054241,Auredga@gmail.com,Darbo laikas,https://rrr.lt/tdalys,
5058,"VSJ Global Automotive, MB","Nevėžio g. 12, 54326 , Jugintai",307555096,LT100019580612,+37063411411,info@vsj-ga.com,Darbo laikas,https://rrr.lt/vsj,
5013,"Morkis Auto, MB","Frenkelių g. 1, 76247, Šiauliai",305793519,LT100014999016,+37061111402,dalys@morkisauto.lt,Darbo laikas,https://rrr.lt/morkisauto,
5000,"EGMA parts, MB","Tuopų g., 69454, Gudeliai, Kazlų Rūdos r.",306918096,,+37062499989,egmaparts@gmail.com,Darbo laikas,https://rrr.lt/egmaparts,
4998,"Autoprizmė, UAB","Viršuliškių Skg. 38, Vilnius",223717130,LT237171314,+37069820446,autoprizme.parts@gmail.com,,https://rrr.lt/autoprizme,Darbo laikas
4919,"Vingio pirkliai, MB","Metalo g. 19B, Vilnius",306120842,LT100016762419,+37066077661,vingio.pirkliai@gmail.com,Darbo laikas,https://rrr.lt/vingiopirkliai,
4914,Auksės Puidokaitės-Krunkaitienės IV,"Artojų g. 7, Giedručių km., Šakių raj.",625863,,+37065263121,auvideta@gmail.com,Darbo laikas,https://rrr.lt/auvideta,
4836,MB Vilbeco,"Alyvų g. 4, Kutiškiai",307413008,,+37067500365,ibeconis@gmail.com,Darbo laikas,https://rrr.lt/rdvauto,
4802,"Barauto, MB","Miško g. 8A, 64421, Greikonys",305623285,LT100017100012,+37064955200,auto@barauto.lt,Darbo laikas,https://rrr.lt/barauto,
4784,"Rodenas Povilaitis, IV","Serbentų g. 115, Šiauliai",1176887,LT100017880711,+37068667207,rodenas.p@gmail.com,,https://rrr.lt/rodenas,Darbo laikas
4780,Matas Morkevičius,"Sniegenų g. 32, 46383, Kaunas",1048534,LT100014373418,+37060809228,matelis.morkevicius@gmail.com,,https://rrr.lt/morkevicius,Darbo laikas
4737,Daumantas Babrauskas IV,"Parko g. 16, Kazokiškės",1162883,LT100016755416,+37063489007,daumantas221@gmail.com,Darbo laikas,https://rrr.lt/daumantas,
4726,"Evaldas Giedrikas, IV","Ropokalnio g. 4, Radviliškio raj, 82220, Vėriškiu k.",1349282,LT100017137415,+37067298039,evaldasss.dalys@gmail.com,Darbo laikas,https://rrr.lt/giedrikas,
4684,"Ridara, UAB","Marijampolės g. 19, 70317 , Senkiškiai, Vilkaviškio r.",185470846,LT854708419,+37065580643,uab.ridara@gmail.com,Darbo laikas,https://rrr.lt/ridara,
4661,"Matoras, UAB","Gaurės g. 31, 72343, Tauragė",304784360,LT100012315611,+37064926007,variklis.dalys@gmail.com,Darbo laikas,https://rrr.lt/matoras,
4640,"Bimmer Place, MB","Draugystės g. 10j, 51261 , Kaunas",306288644,LT100016562315,+37063939917,Pet.raimondas@gmail.com,Darbo laikas,https://rrr.lt/bimmerplace,
4590,"EL42 dalys, MB","Gamybos g. 14, 76128, Šiauliai",307439597,,+37060295614,autodetales42@gmail.com,Darbo laikas,https://rrr.lt/el24dalys,
4588,Evaldas Sokas,"Liepų g. 4, Raseiniai",1026690,,+37060449932,evaldodalys@gmail.com,Darbo laikas,https://rrr.lt/evaldodalys,
4580,"Mita group, MB","Radikių g. 6, 54363, Domeikava, Kauno r.",307042624,LT100019492014,+37060124405,mbmitagroup@gmail.com,Darbo laikas,https://rrr.lt/mitagroup,
4569,Vitold Zadorockij Ind. veikla,"Vilniaus g. 45 Gegliškės, Vilniaus r. sav.",715488,LT100017485313,+37060440990,autosekunde@inbox.lt,Darbo laikas,https://rrr.lt/autosekunde,
4558,MB AUTOpabaiga,"Neries g. 16, Domeikava, Kauno r.",307560314,LT100019637115,+37069035237,jjvaitiekunas@gmail.com,Darbo laikas,https://rrr.lt/vaitiekunas,
4536,Elenos Balčiūnienės Individuali įmonė,"Lydekių km. 1, Joniškio raj.",303125923,LT100014810411,+37067149112,mantas.kukelka@gmail.com,Darbo laikas,https://rrr.lt/balciunienes,
4492,"Partslita, MB","H. ir O. Minkovskių g. 73F, Kaunas",304984350,,+37067222220,info@partslita.lt,Darbo laikas,https://rrr.lt/partslita,
4491,"Vipolas, MB","Šiltnamių g. 13, 66255, Druskininkai",304632000,LT100017049311,+37061636666,mbvipolas@gmail.com,Darbo laikas,https://rrr.lt/vipolas,
4457,MB Kartoma,"Šaldytuvu 61, Kaunas",307014639,,+37064706820,kartoma777@gmail.com,Darbo laikas,https://rrr.lt/kartoma,
4450,"Automarlita, UAB","Topolių g. 1F, Andrijava, Šiaulių r.",304289509,LT100010287611,+37067580105,automarlita@gmail.com,Darbo laikas,https://rrr.lt/automarlita,
4427,MB Inrido,"Ringelio g. 10, Kaliekiai",306138993,,+37060506117,detales0123@gmail.com,Darbo laikas,https://rrr.lt/detales0123,
4400,"Detalių srautas, MB","Nesvyžiaus g. 18, Vilnius, 14183, Vilnius",306978378,LT100017282013,+37067091065,info@detaliusrautas.lt,Darbo laikas,https://rrr.lt/detaliusrautas,
4397,Egidijaus Urbono Individuali įmonė,"Nepriklausomybės a. 9, Rokiškis",273178760,LT731787610,+37061260751,egidijausdalys@gmail.com,Darbo laikas,https://rrr.lt/urbono,
4373,"Jorlika, MB","Palemono g. 80, Kaunas",303168294,LT100010066010,+37069886981,jorlika@gmail.com,Darbo laikas,https://rrr.lt/jorlika,
4334,"Autoselas, MB","Tylioji g.9 Kelmė, 86132, Kelmė",306969920,LT100017497418,+37067060509,info.autoselas@gmail.com,Darbo laikas,https://rrr.lt/autoselas,
4321,"Autobavarija, MB","Savanorių pr. 286, Kaunas 49474, Kaunas",306059204,LT100017676912,+37062026403,gitaramokesiu@gmail.com,Darbo laikas,https://rrr.lt/autobavarija,
4233,"JNB SPRENDIMAI, MB","Šilelio 2-oji g. 3, 89267, Naikiai",306355185,,+37062329283,info@jnbspares.com,Darbo laikas,https://rrr.lt/stankus,
4211,"Autosvajone, UAB","Jočionių g. 53, Vilnius",303039118,LT100014183715,+37064488883,Fera555@mail.ru,Darbo laikas,https://rrr.lt/autosvajone,
4194,"Sumitas, UAB","Kalnalaukio g. 10G 19108 , Širvintos",302599726,LT100006645418,+37060049658,uabsumitas@gmail.com,Darbo laikas,https://rrr.lt/sumitas,
4113,"Daiviva, MB","Sartų g. 21, 64101, Alytus",306100238,LT100015621218,+37065222888,mbdaiviva@gmail.com,Darbo laikas,https://rrr.lt/daiviva,
4068,Darijus Mikuta IV,"M. Šimelionio g. 23, Lentvaris",922159,,+37061429853,darijusm@gmail.com,Darbo laikas,https://rrr.lt/mikuta,
4026,"Autoambrus, MB","Sandraugos g. 38, 52100, Kaunas",306096925,LT100017212719,+37064154466,autoambrus@gmail.com,,https://rrr.lt/autoambrus,Darbo laikas
4021,Sigitas Venskūnas,"Vieškeliuko g. 11, 47274, Kaunas",360578,,+37069995700,sigitassv700@gmail.com,Darbo laikas,https://rrr.lt/venskunas,
4011,"Grumada, MB","Stumbro g. 28, 47413, Šakiai, Kauno r.",306948659,LT100019101617,+37060696719,erdve999@gmail.com,Darbo laikas,https://rrr.lt/grumada,
3917,Rimantas Kasperavičius,"Kertupio g. 63, 54486, Neveronys",1343932,,+37068999972,info@srotaskaune.lt,Darbo laikas,https://rrr.lt/sarauta,
3903,"Drivehaus, MB","Garažų g 305 Raseiniai 60112, Raseiniai",305713341,,+37064810193,egidijustrapas@gmail.com,Darbo laikas,https://rrr.lt/kerlida,
3876,MB Boka Auto,"Pramonės g. 1E, Alytus",307127708,LT100019343413,+37068888007,l.baksys@gmail.com,Darbo laikas,https://rrr.lt/boka,
3838,Evaldas Bagdzevičius,"Panerių g. 51, 48334, Kaunas",600332,,+37068258326,engrostyres@gmail.com,,https://rrr.lt/evdbag,Darbo laikas
3829,"Ankita, UAB","Bijūnų g. 10, 53285, Stanaičiai",304762684,,+37060514022,karolis.simokaitis@gmail.com,Darbo laikas,https://rrr.lt/ankita,
3805,"MB, Salantana","Tiekėjų g. 19B, 97123, Kretinga",306321343,LT100015980616,+37062167100,salantana35@gmail.com,Darbo laikas,https://rrr.lt/salantanamb,
3796,"Minivenas, UAB","Draugystės g. 17N, Kaunas",300595106,LT100003215616,+37063329055,info@minivenas.lt,Darbo laikas,https://rrr.lt/minivenas,
3794,"AutoBro, MB","Fabriko g. 3a, Jonava",157044871,LT100015162718,+37064762935,info@autobro.lt,Darbo laikas,https://rrr.lt/autobro,
3771,"MB ""Detagreita""","Šiaurės Sodų 4-oji g. 54, Vilnius",306766610,,+37068380654,detagreita@gmail.com,,https://rrr.lt/drdtransport,Darbo laikas
3724,"Audrius Jackūnas, IV","Palijoniškio g. 6B, Utena",242010,LT100014830517,+37067563609,audriusjackunas060@gmail.com,Darbo laikas,https://rrr.lt/jackunas,
3724,UAB Autodoma,"Mechanizatorių g. 8, Skaudvilė",302874745,LT100007389315,+37065017444,uab.autodoma@gmail.com,Darbo laikas,https://rrr.lt/autodoma,
3629,"Vladuva, UAB","S. Lozoraičio g. 21, 53231, Garliava",135521188,LT100009876215,+37068531081,vladuva13@gmail.com,Darbo laikas,https://rrr.lt/vladuva,
3583,MB Kėbulų dalys,"Vasario 16-osios g. 30, 53216, Garliava, Kauno r.",307171875,LT100018168612,+37062649546,kebuludalys@gmail.com,Darbo laikas,https://rrr.lt/kebuludalys,
3564,"Osvaldas Rupšys, IV","Užkardos g. 9, 99336, Vileikiai",1059235,,+37063090841,osvaldasrupsys0@gmail.com,Darbo laikas,https://rrr.lt/rupsys,
3526,"MB ""Jovauto""","Draugystės g. 10F, 51261 , Kaunas",307146530,LT100017822613,+37065637633,jovaldas1@gmail.com,Darbo laikas,https://rrr.lt/jovaldas,
3478,"Harvida, MB","Alyvų g. 4D, 82100, Kutiškiai",307139361,LT100017785110,+37067793008,mbharvida@gmail.com,,https://rrr.lt/harvida,Darbo laikas
3446,"Autoparta, MB","Bituko g. 8, Kaunas",307631932,LT100019932618,+37068115400,info@autoparta.lt,Darbo laikas,https://rrr.lt/marjota,
3401,"Raimeda, UAB","Beržyno g 10, 89327 , Kruciai",302500968,LT100005351912,+37065827989,uzsakymai.autodalys@gmail.com,Darbo laikas,https://rrr.lt/raimeda,
3401,"Su kabliataškiu, UAB","Topolių g. 7, 54300, Giraitė",306437084,LT100018938117,+37066444007,uabsukabliataskiu@gmail.com,Darbo laikas,https://rrr.lt/ruzele,
3383,"Autovijuna, UAB","Kaunas, Petrašiūnai ENERGETIKŲ 50., Kauno raj.",132468054,LT324680515,+37064169020,autovijuna@gmail.com,Darbo laikas,https://rrr.lt/autovijuna,
3304,"Alvidma, UAB","Birštono g. 13, 59219, Birštonas",170788679,LT707886716,+37061612221,arturaskov8@gmail.com,Darbo laikas,https://rrr.lt/alvidma,
3288,"Vaidas Sakalauskas, IV","M. Daukšos g. 3, 69428, Kazlų Rūda",1122401,,+37067571932,dalyscars@gmail.com,Darbo laikas,https://rrr.lt/dalyscars,
3279,"Abmotors, MB","Dvaro g. 1, 20368, Žemaitkiemis, Ukmergės r.",307053325,LT100017517910,+37069663336,abmotorsmb@gmail.com,Darbo laikas,https://rrr.lt/abmotorsmb,
3262,"Lina Rudelienė, IV","Vytauto g. 7A, Molainiai",691113,LT100011743516,+37069907806,lina.rudeliene@gmail.com,Darbo laikas,https://rrr.lt/linosdalys,
3248,"Vitalijus Andrijanovas, IV","Žagienio g. 14, Panevėžys",911957,,+37069196505,sales.vtautoparts@gmail.com,Darbo laikas,https://rrr.lt/vtautoparts,
3192,Egidijus Stražnickas,"Sodžiaus g. 18, Marijampolė",23044,,+37069998123,egidijus.straznickas@gmail.com,Darbo laikas,https://rrr.lt/straznickas,
3171,Ramūnas Čiupkevičius,"Sasnavos g. 74A, Marijampolė",1431544,LT100018332513,+37068744930,ramasramse@gmail.com,Darbo laikas,https://rrr.lt/ciupkevicius,
3070,"Edgaras Mankauskas, IV","Plytinės g. 52, 45406, Kaunas",1292357,,+37067498231,vitasben3@gmail.com,Darbo laikas,https://rrr.lt/mankauskas,
3070,"Dainius Volkovas, IV","Taikos g. 18, 97170, Kretinga",1181260,,+37060634300,Elpastaslt@gmail.com,Darbo laikas,https://rrr.lt/volkovas,
3043,Edvinas Stučys,"Kertupio g. 63, 54486 , Neveronys",1466049,,+37065411884,edvistucys888@gmail.com,Darbo laikas,https://rrr.lt/esiv,
3024,"Autogata, UAB","Vilniaus g. 28, 59115, Prienai",300088245,LT100001632812,+37068744880,autogata@yahoo.com,Darbo laikas,https://rrr.lt/autogata,
2985,"Juozas Liudvinavičius, IV","Zversos g. 52A, 54467, Ramučiai, Kauno r.",1311381,LT100017213919,+37063908187,liudvinaviciusjuozas@gmail.com,Darbo laikas,https://rrr.lt/liudvinavivius,
2980,"Pavel Olševski, IV","Melioratorių g. 65, Vilnius",667245,,+37060731599,bmwlegolt@gmail.com,,https://rrr.lt/autobecha,Darbo laikas
2968,"Cars and parts, MB","Strėvos g. 9, 56362, Būbliai, Kaišiadorių r.",306670804,LT100017265518,+37065023555,carsandpartsinfo@gmail.com,,https://rrr.lt/carsandparts,Darbo laikas
2937,"Tiko automobiliai, UAB","Pramonės g. 12, Karlų k.",304123359,LT100010855117,+37061979777,tikodalys@gmail.com,Darbo laikas,https://rrr.lt/tikoautomobiliai,
2926,"CarPro LT, UAB","Varnių g. 48e, Kaunas",302769445,LT100006816810,+37065707800,dalys@carpro.lt,,https://rrr.lt/carprolt,Darbo laikas
2922,"PartsPoint, UAB","Pramonės g. 28b, 72318, Tauragė",306441613,LT100019018716,+37065557005,uabpartspoint@gmail.com,Darbo laikas,https://rrr.lt/partspoint,
2839,"Deividas Lalas, IV","Žirgyno g. 7, Margava 54471, Margava",1069813,LT100015215510,+37062291121,deividaslalas@gmail.com,Darbo laikas,https://rrr.lt/mdautoparts,
2832,"AutoChata, MB","Ožkinių g. 54, 08405 , Vilnius",306970328,,+37060776969,autochatainfo@gmail.com,Darbo laikas,https://rrr.lt/autochata,
2819,"K&D auto, UAB","Marijampolės g. 9, 69210 , Kalvarija",302892120,LT100007361910,+37065614549,autokd.info@gmail.com,Darbo laikas,https://rrr.lt/kdauto,
2808,MB Uni Motors,"Gamyklos g. 4, 96155 , Gargždai",306689893,LT100016683415,+37062793686,umdalys@inbox.lt,Darbo laikas,https://rrr.lt/umdalys,
2750,"Jolanus, UAB","Aukštaičių g. 11, 44148, Kaunas",304096944,LT100009861318,+37067058794,jolanusdalys@gmail.com,Darbo laikas,https://rrr.lt/jolanus,
2723,Airidas Kastečka,"Perkūno g. 2, Domeikava",1119900,,+37067659933,airidas.kastecka@gmail.com,Darbo laikas,https://rrr.lt/airdeta,
2721,"Silver Auto, MB","Linų g. 42, 20174, Ukmergė",305998666,LT100017698913,+37069647504,silverautomb@gmail.com,,https://rrr.lt/silverauto,Darbo laikas
2705,"Euro eight, MB","Vėrupės g. 10, 54328, Babtai",306221193,LT100016169811,+37068389972,vytautas.k84@gmail.com,Darbo laikas,https://rrr.lt/euroeight,
2698,Karolis Ališauskas,"Vienybės g. 10, Kaunas 51384, Kaunas",1152287,,+37067694981,litas2@inbox.lt,Darbo laikas,https://rrr.lt/121,
2632,"Alkubis, UAB","Savanorių pr. 272, Vilnius",123739364,LT237393610,+37068677024,dsinkunas@gmail.com,Darbo laikas,https://rrr.lt/alkubis,
2621,Gražvydas Švalkūnas,"Nuklono g. 19, 78349, Šiauliai",1043561,,+37060883055,grazvis45@gmail.com,Darbo laikas,https://rrr.lt/grazvydas,
2611,"Montonik, MB","Vandžiogalos pl. 106H, 54358, Domeikava",306280291,LT100015812716,+37067329029,info@montonik.com,Darbo laikas,https://rrr.lt/montonik,
2598,Alvydas Peldūnas,"Liepų g. 14, Raseiniai",1358436,,+37067036095,alvydas.peldunas@gmail.com,Darbo laikas,https://rrr.lt/autodetas,
2501,"Valdauto transportas, MB","Mindaugo g. 42, 01311, Vilnius",305572976,LT100014492915,+37064549343,pardavimai@valdauto.lt,Darbo laikas,https://rrr.lt/valdauto,
2499,"Robparts, UAB","Marijampolės g. 10, LT-76181, Šiauliai",307590204,LT100019835616,+37064543800,Uabrobparts@gmail.com,Darbo laikas,https://rrr.lt/robparts,
2468,UAB „PROSERA“,"Pakalnės g. 54, 20268, Dainava, Ukmergės r.",306658435,LT100016590512,+37063555551,rrrprosera@gmail.com,,https://rrr.lt/prosera,Darbo laikas
2419,"Dalimta, MB","Liepų g. 85A, 92195, Klaipėda",306641749,,+37060049400,mbdalimta@gmail.com,Darbo laikas,https://rrr.lt/dalimta,
2386,MB Ekauto,"J. Kubiliaus g. 8, 69203, Kalvarija",305931703,LT100016305313,+37063921691,edgaras.kabelka@gmail.com,Darbo laikas,https://rrr.lt/ekautomb,
2379,Giedrius Luksys IV,"Liepų g. 19, 69170, Liudvinavas",1419999,,+37061805045,giedriusluksys@gmail.com,Darbo laikas,https://rrr.lt/luksys,
2368,Paulius Žostautas,"Pušaloto g. 189, 35291 , Panevėžys",1394688,,+37063889888,argintus@gmail.com,Darbo laikas,https://rrr.lt/argintus,
2359,"Qonago, UAB","Gėlių g. 89, 53330, Tabariškiai",302735635,LT100006858715,+37065661966,qonago@gmail.com,Darbo laikas,https://rrr.lt/qonago,
2340,"Alfaauta, UAB","A. Mickevičiaus g. 179, Čekoniškės",124643835,LT100011247719,+37060029938,40873@inbox.lt,,https://rrr.lt/alfaauta,Darbo laikas
2330,"Rimaneva, MB","Žalioji g. 2A, Garliava, 53249, Garliava",305788721,LT100014264114,+37068619352,mbrimaneva@gmail.com,,https://rrr.lt/rimaneva,Darbo laikas
2325,MB Rimkerta,"Smiltyno g. 9, 71410, Kaimelis",304473181,LT100010764116,+37060848919,gm.rimkerta@gmail.com,Darbo laikas,https://rrr.lt/rimkerta,
2323,"Kudvinta, UAB","Šilo g. 10, 53285, Tvarkiškiai",306371595,,+37060707218,Kudvinta@gmail.com,Darbo laikas,https://rrr.lt/kudvinta,
2309,Vitalijus Budrevičius,"A. Mickevičiaus g. 101H, 14171, Papiškės",1420966,,+37068110002,autodeal333@gmail.com,,https://rrr.lt/autodeal,Darbo laikas
2248,Juozas Mazėtis,"V. Bielskaus g. 1B, 69337, Balsupiai",951869,,+37063190900,juozasmaz214@gmail.com,Darbo laikas,https://rrr.lt/mazetis,
2216,"Burbulis motors, MB","Chemijos g. 105, 51336, Kaunas",306085829,LT100019665012,+37064700967,burbulismotors@gmail.com,Darbo laikas,https://rrr.lt/burbulismotors,
2187,V. Alesiaus įmonė Motus,"Pievų g. 4, Juragių k.",165631765,LT656317610,+37067728237,atmotus@gmail.com,Darbo laikas,https://rrr.lt/motus,
2168,MB HMB investments,"Parko g. 1a, , Avižieniai",307437977,LT100019401616,+37062983929,info@hmb.lt,,https://rrr.lt/revumotors,Darbo laikas
2147,UAB Laimtada,"Pramonės g. 19d, Telšiai",303039196,LT100008536312,+37062242007,laimtada@gmail.com,Darbo laikas,https://rrr.lt/laimtada,
2080,"Rolandas Bekešius, IV","Ukmergės g. 292-88, 12105, Vilnius",1373692,,+37067172216,rolandas.bekesius@gmail.com,Darbo laikas,https://rrr.lt/bekesius,
2065,"UAB, Toko group","Blindžių g. 1, Ilgakiemis",306181140,LT100015970417,+37060857407,autodalys2022@gmail.com,,https://rrr.lt/amberplius,Darbo laikas
2052,"Transluck, UAB","Ramunių g. 38, LT-37457, Panevėžys",302499220,LT100005322010,+37068822009,transluck@transluck.lt,Darbo laikas,https://rrr.lt/danielis,
2052,"Euroamerikana, UAB","Mainų g. 31, 94101, Klaipėda",304890506,LT100011839312,+37068537227,dominykas@euroamerikana.lt,Darbo laikas,https://rrr.lt/euroamerikana,
2037,Algis Murinas,"Ežero g. 25, Kaunas",565446,,+37065017848,malgimas@gmail.com,,https://rrr.lt/murinas,Darbo laikas
2034,Marius Žuromskas IV,"Pramonės g. 105, 11115 , Vilnius",1451471,,+37068679601,garazuvaldovas@gmail.com,Darbo laikas,https://rrr.lt/mskas,
2025,Kastytis Petrauskas,"Topolių g. 7, 54310, Giraitė, Kauno r.",1440026,,+37064904566,apetrauskas12@gmail.com,Darbo laikas,https://rrr.lt/petrauskas,
2001,"Ilgas Verslas, MB","Blindžių g. 1, 53288, Ilgakiemis",306963045,LT100017103017,+37064600323,ilgasverslas@gmail.com,Darbo laikas,https://rrr.lt/barzdzius,
1995,"Car unite, MB","Vilnius, Dzūkų g. 2, LT-02163, Vilnius",306171089,LT100017551618,+37063576489,info@partselo.lt,Darbo laikas,https://rrr.lt/carunite,
1993,MB Varikliu Pasaulis,"Elektrėnų g. 8D, 51221, Kaunas",307546599,LT100019487916,+37065960900,Saulius.radzevicius62@gmail.com,Darbo laikas,https://rrr.lt/partsaulius,
1991,AUTO PAKALNĖ MB,"Maironio g. 27A, Baisogala",307007406,LT100018398415,+37067722241,autopakalne@gmail.com,Darbo laikas,https://rrr.lt/baisogalosdalys,
1937,"Uždaroji akcinė bendrovė ""TAUJA""","Kruojos g. 3, Šniūraičiai",171427895,LT714278917,+37068611127,info@tauja.lt,Darbo laikas,https://rrr.lt/tauja,
1934,"Gytis Vėlavičius, IV","M. K. Čiurlionio g. 49, 72189, Tauragė",1367497,,+37063947553,gytis.velavicius1@gmail.com,,https://rrr.lt/velavicius,Darbo laikas
1927,"Zauto, IĮ","Pavasario g. 4, 62481, Užubaliai",305768366,LT100016387116,+37061229033,zauto.titas@gmail.com,Darbo laikas,https://rrr.lt/zauto,
1921,"Detalės, MB","Kazimieravos k. 5, 54394, Kazimierava",305912329,,+37067746787,mbdetales1@gmail.com,Darbo laikas,https://rrr.lt/detales,
1914,"Xautoslava, MB","Pušyno g. 19G-2, 54447, Karmėlava, Kauno r.",307535827,,+37067914065,intendantas@gmail.com,Darbo laikas,https://rrr.lt/vaulinas,
1884,"Lamotors, MB","Dobilų g. 9, Juočikiai",307126499,LT100017741018,+37066772389,andrej.lamotors@gmail.com,Darbo laikas,https://rrr.lt/lamotors,
1854,"MB, 3T Auto","Šermukšnių g. 47, 35114, Panevežys",307025571,LT100017409015,+37065890995,3t.auto3@gmail.com,Darbo laikas,https://rrr.lt/adomavicius,
1772,"MB ""GiPi""","Molėtų g. 80, 28135, Utena",307080379,,+37065021271,mbgipi24@gmail.com,Darbo laikas,https://rrr.lt/ag53,
1762,MB Aredauto,"Gluosnių g. 1D, 80200, Bubiai",307196921,LT100019210314,+37066449262,infoaredauto@gmail.com,Darbo laikas,https://rrr.lt/aredauto,
1758,Alvydas Keras,"Rašės g. 6, Plaušų k., Utenos r. sav.",601962,LT100016319313,+37067822286,usedtoyota406@gmail.com,,https://rrr.lt/keras,Darbo laikas
1757,"Emariauto, MB","Pramonės g. 13, 53285 , Stanaičiai",307592511,,+37061433532,info.eemiauto@gmail.com,Darbo laikas,https://rrr.lt/emariauto,
1737,"Viltė Mikalauskaitė, IV","Joninių g. 7, 54354, Domeikava, Kauno r.",1088552,,+37068686454,kestmika@gmail.com,Darbo laikas,https://rrr.lt/kestmika,
1691,"UAB ""Kuksis""","Miškininkų g. 4, 42150 , Rokiškis",173725335,LT737253314,+37069816970,kuksisrrr@gmail.com,Darbo laikas,https://rrr.lt/kuksis,
1673,"Autoserviso Paslauga, MB","R. Kalantos g. 15B, Kaunas",305399905,,+37068784056,colourparts@gmail.com,Darbo laikas,https://rrr.lt/colourparts,
1664,"Donatas Audėjaitis, IV","J. Biliūno g. 57, Šlienava",1183731,,+37067720779,donatas122@gmail.com,Darbo laikas,https://rrr.lt/audejaitis,
1653,MB RSM PARTS,"Vienybės g. 3a, Raudondvaris",306963440,LT100017076016,+37060156218,Raudeta@gmail.com,,https://rrr.lt/raudeta,Darbo laikas
1578,Jurgita Sabutienė IV,"Drobės g. 75, 45182, Kaunas",1396084,,+37067673298,pbmj400@gmail.com,Darbo laikas,https://rrr.lt/sabutis,
1576,MB Partfit,"Chemijos g. 27A, 51332, Kaunas",307560613,,+37068301283,rmatakas@yahoo.ie,Darbo laikas,https://rrr.lt/partfit,
1575,MB Partrun,"Pramonės g. 16, Tauragė",307075528,LT100019059612,+37063097440,mbpartrun@gmail.com,Darbo laikas,https://rrr.lt/partrun,
1534,"Autovirma, UAB","Piliakalnio g. 13, 06229, Vilnius",301846084,,+37061028619,autovirma@gmail.com,Darbo laikas,https://rrr.lt/autovirma,
1532,"Angliškų automobilių dalys, UAB","Kirtimų g. 61, Vilnius",304245046,LT100010344816,+37065907166,angliskosdalys@gmail.com,Darbo laikas,https://rrr.lt/angliskosdalys,
1525,"Deividas Lideikis, IV","Islandijos pl. 91, 49176, Kaunas",1221056,,+37065441367,deividaslideikis@gmail.com,Darbo laikas,https://rrr.lt/lideikis,
1499,MB Partingas,"Kriaučiūnų k. 4, Panevėžio r., Kriaučiūnai, Panevėžio r.",307247472,,+37063661166,partingasmb@gmail.com,Darbo laikas,https://rrr.lt/bacevicius,
1481,Justinas Bakanas,"Komaro g. 2A, 42344 , Kavoliškis",1485241,,+37062477557,justinasbakanas96@gmail.com,Darbo laikas,https://rrr.lt/bakanas,
1459,Modestas Šereika IV,"Sutrės vs. 5, Sutrė",1410376,LT100018185612,+37062778999,autoopartss999@gmail.com,Darbo laikas,https://rrr.lt/sereika,
1416,"Ritminda, MB","Raseinių g. 23, 86186 , Kelmė",307499701,,+37065198601,ritminda84@gmail.com,Darbo laikas,https://rrr.lt/ritminda,
1409,UAB HUROTRANS,"Pramonės g. 9, 87101 , Telšiai",302963884,LT100007426212,+37060654999,ggdetales@gmail.com,Darbo laikas,https://rrr.lt/hurotrans,
1408,"Performance mode, MB","H. ir O. Minkovskių g. 73F, 46219 , Kaunas",307547270,LT100019511710,+37063281818,pardavimai.mode@gmail.com,Darbo laikas,https://rrr.lt/v8garazas,
1407,"Donata Butkevičienė, IV","Luknės g. 3, 46159, Rokai, Kauno r.",1279755,,+37065669355,butkevicius30@gmail.com,Darbo laikas,https://rrr.lt/butkeviciene,
1391,Tautvydo Baltušio IV,"S. Nėries g. 29B, 90167 , Plungė",1360527,,+37067188535,tautvydasbaltusis1996@gmail.com,Darbo laikas,https://rrr.lt/tautvydas,
1331,Stepas Jastrumskis IV,"Sukilėlių g. 16, 90125 , Plungė",1440860,,+37062231814,stepas.jastrumskis@gmail.com,Darbo laikas,https://rrr.lt/stepas,
1263,Donatas Dulinskas,"Ozo g. 20, 07149, Vilnius",1464555,,+37066675381,donatas.dulinskas@gmail.com,Darbo laikas,https://rrr.lt/dulinskas,
1224,Vaidas Baronas,"Bendrovių g. 5, 00147, Palanga",211249,,+37061138919,vaidasbaronas83@gmail.com,Darbo laikas,https://rrr.lt/baronas,
1207,MB OOM Group,"Sodo g. 1, , 55243, Čičinai",305595366,LT100013302013,+37062304798,oomgroupmoo@gmail.com,,https://rrr.lt/autoomas,Darbo laikas
1157,Mindaugas Degimas,"Minijos g. 37, 97200, Baubliai",1478777,,+37066258012,jamdalys@gmail.com,Darbo laikas,https://rrr.lt/jamdalys,
1156,Kęstutis Kurušinas,"Aukštrakių g. 47, 76116, Sutkūnai, Šiaulių r.",1378168,,+37064783055,kestutis.kurusinas@gmail.com,Darbo laikas,https://rrr.lt/kurusinas,
1149,UAB Nordtechnikab,"Darbėnų pl. 5E, 97196, Padvariai",301638642,LT100003991414,+37060657795,nordtechnikab@gmail.com,Darbo laikas,https://rrr.lt/nordtechnikab,
1111,"Šviesiu keliu, MB","Ukmergės g. 315A, 06306, Vilnius",305500674,LT100013039312,+37061577070,autoxenonai@gmail.com,Darbo laikas,https://rrr.lt/sviesiukeliu,
1079,MB OPELINIAI,"Pakalnės g. 5D, 54356 , Domeikava",303311365,LT100010922319,+37067626222,v.nikolaitis@gmail.com,Darbo laikas,https://rrr.lt/opeliniai,
1069,"D&R company, UAB","L. Litvinaičio g. 1, 72116, Taurai",302562628,LT100005775118,+37069954566,redoauto78@gmail.com,Darbo laikas,https://rrr.lt/dandrcompany,
1064,"Avas motor, MB","Pamiškės g. 29, 46164, Patamulšėlis, Kauno r.",306837484,LT100017239811,+37069064269,avasmotor@gmail.com,Darbo laikas,https://rrr.lt/avasmotor,
1046,Gytis Leonavičius,"Savanorių pr. 65A, Vilnius",1297055,,+37060404516,flexparts19@gmail.com,Darbo laikas,https://rrr.lt/projectflex,
1042,"Trečias brolis, UAB","P. Cvirkos g. 6, 42163 , Rokiškis",304854353,LT100012405318,+37062812097,treciobrolio@gmail.com,Darbo laikas,https://rrr.lt/treciasbrolis,
1040,Gediminas Rudis,"Ašigalio g. 88, 49140, Kaunas",645211,,+37062722286,rgedukas@gmail.com,,https://rrr.lt/rudis,Darbo laikas
1024,"Vanguard Motorparts, MB","Stadiono g. 10, 59294, Prienų r., Veiveriai",307188928,LT100019323610,+37067561701,tadas@vanguardmp.lt,Darbo laikas,https://rrr.lt/vanguardamp,
1019,"AP Motors, UAB","Šilutės pl. 51, 94105, Klaipėda",302645675,LT100006800314,+37060839907,info@apmotors.lt,,https://rrr.lt/apmotors,Darbo laikas
1007,Artūras Mazuras,"D. Tarabildienės g. 5, 47252 , Kaunas",608429,LT100019921713,+37065688362,orce777@gmail.com,Darbo laikas,https://rrr.lt/mazuras,
1002,Erik Vrublevski,"Aušros g. 14, Rudamina",1004348,,+37060632257,erikwr@mail.ru,Darbo laikas,https://rrr.lt/dvr,
999,"Autopart ir Co, MB","Pramonės g. 8, 53285, Stanaičiai",306472110,LT100016389516,+37069023888,anzelika.partikiene@gmail.com,Darbo laikas,https://rrr.lt/autopartirco,
991,"Tadas Šereiva, IV","Algirdo g. 17, 82494, Alksniupiai",1323104,,+37064820354,tadas.sereiva@gmail.com,Darbo laikas,https://rrr.lt/garazas,
985,Mantas Briedis,"Giedrių k. 7, 80145 , Giedriai",579493,LT100019151815,+37067938998,mantasbriedis1983@gmail.com,Darbo laikas,https://rrr.lt/dalysmb,
980,UAB Nemukas,"Ąžuolų g. 8, 86148, Naudvaris",307127380,,+37060368858,nematullopulatov84@gmail.com,Darbo laikas,https://rrr.lt/nemukas,
968,"Antras kvėpavimas, UAB","Eišiškių pl. 76A, 02186, Vilnius",125821828,LT100010739815,+37065038686,info@antraskvepavimas.lt,Darbo laikas,https://rrr.lt/antraskvepavimas,
924,"Matula, UAB","Vilniaus g. 22, Prienai",270753750,LT707537515,+37068231209,v.vilkas@matula.lt,,https://rrr.lt/matula,Darbo laikas
918,"Autoštabas, UAB","Telšių g. 5, 68267, Marijampolė",304451441,LT100010688211,+37061119600,autostabas@gmail.com,Darbo laikas,https://rrr.lt/autostabas,
909,"Revisas, UAB","Pelesos g. 19, 45442, Kaunas",135466471,LT100018036517,+37067672650,autorevisas@gmail.com,Darbo laikas,https://rrr.lt/revisas,
897,"Autofortūna, MB","Kanalo g. 1, 54310 , Giraitė",305399969,LT100012855017,+37061129030,info@autofortuna.lt,Darbo laikas,https://rrr.lt/autofortuna,
894,"Kupstis, UAB","Mažeikių g. 16B, Telšiai",301792583,LT100004203416,+37069958551,amygaaa1@gmail.com,Darbo laikas,https://rrr.lt/kupstis,
892,"Ecu4You, MB","Sėlių g. 24-2, 28202, Utena",305855629,LT100014351013,+37069590999,ecu4you.eu@gmail.com,,https://rrr.lt/ecu4you,Darbo laikas
853,Justas Kantaravičius,"J. Basanavičiaus g. 46K, 41164 , Biržai",1128823,,+37062417897,justis711@gmail.com,Darbo laikas,https://rrr.lt/kanta,
771,MB Adema Motors,"Vilniaus g. 28, 59115 , Prienai",307144675,LT100018151910,+37068038882,ademamotorss@gmail.com,Darbo laikas,https://rrr.lt/adema,
771,"E2Bdtransport, UAB","Gamyklos g. 7, 13210, Marijampolis",305618466,LT100013409316,+37060152688,e2bdtransport@gmail.com,Darbo laikas,https://rrr.lt/e2bdtransport,
732,"LKAD Group, MB","Topolių g. 7, Giraitė, 54300 Kauno r. sav.",306992239,,+37066040427,infolkadgroup@gmail.com,Darbo laikas,https://rrr.lt/lkadgroup,
721,Donatas Domarkas,"Šaltinio g. 7, 60109 , Slabada",1449395,,+37067693968,donke2@yahoo.com,,https://rrr.lt/domarkas,Darbo laikas
710,Vytautas Povilonis,"Žygaičių g. 9, 47419, Kaunas",1453398,,+37063993826,povilonisvytautas@gmail.com,,https://rrr.lt/vpovilonis,Darbo laikas
704,"LED žibintai, MB","Panerių g. 5, 48337, Kaunas",305815218,LT100014942910,+37063610721,info@partplius.lt,Darbo laikas,https://rrr.lt/ledzibintai,
694,Nojus Ivanauskas,"Bagdoniškės g. 31, 60116 , Raseiniai",1493250,,+37066279787,nojusivanauskas27@gmail.com,Darbo laikas,https://rrr.lt/nojus,
687,MB Aa transport,"Tuopų g 3G, 19105, Družai",306122195,LT100015192417,+37062264797,mb.aatransport@gmail.com,Darbo laikas,https://rrr.lt/aatransport,
681,"Eukalis, MB","Taikos pr. 110B, 51158, Kaunas",305448206,LT100017682412,+37062550111,eukalis20@gmail.com,Darbo laikas,https://rrr.lt/eukalis,
655,"Andrius Račkauskas, IV","Pušaloto g. 189, 35291, Panevėžys",886024,,+37064466456,andriausdalys@yahoo.com,,https://rrr.lt/andriausdalys,Darbo laikas
615,"Auvika, UAB","Švenčionių g. 53, Kaunas",303174849,LT100010267213,+37062086222,dalys@auvika.com,Darbo laikas,https://rrr.lt/auvika,
575,"Gremi-Auto, MB","Biržų r.sav., Širvėnos sen.,Kilučių k.,Paupio g.10 LT-41103, Kilučių k.",307554464,,+37060412254,gremiauto@gmail.com,,https://rrr.lt/gremi,Darbo laikas
472,Aurimas Jakovlevas,"Ateities g. 19, 37341 , Panevėžys",1459148,,+37065455178,jakovlevas.aurimas@gmail.com,,https://rrr.lt/ajvdalys,Darbo laikas
459,UAB Kretus,"Gaurės g. 4, 72334, Tauragė",179863720,LT100002384710,+37068799422,uabkretus@gmail.com,Darbo laikas,https://rrr.lt/kretus,
417,"Tomrena, MB","Žemynos g. 9A, 77111, Šiauliai",305994194,,+37067936390,tomrenamb@gmail.com,Darbo laikas,https://rrr.lt/tomrena,
196,"Loreta Čižauskienė, IV","Sakų g. 3, 62201, Alytus",1182376,,+37062158644,bmwpartsloo@gmail.com,Darbo laikas,https://rrr.lt/bmwpartsloo,
2065,"Liton, MB","Kretingos g. 24C, 92211, Klaipėda",307598336,LT100020078816,+37061601163,info@liton.lt,,https://rrr.lt/en/amberplius,Darbo laikas
566,Egidijus Litvinas,"Vytauto g. 149, 97133 , Kretinga",1418013,,+37062028879,egidijus.litvinas@gmail.com,,https://rrr.lt/egidijusparts,Darbo laikas
